ID Calon Mahasiswa,NISN,NIK,Nama Calon Mahasiswa,Email,No Telepon,Agama,Alamat,Jenis Kelamin,Tempat Tanggal Lahir,Tahun Lulus,Asal Sekolah
CM000001,6881973699,3404356327295181,Yasmin Wardana,yasmin.wardana7685@gmail.com,082260480635,Buddha,"Jl. Cut Nyak Dien No.21, RT 15/RW 09, Sleman, DI Yogyakarta",Perempuan,"Sleman, 24/05/2006",2023,SMK Swasta Kartini Sleman
CM000002,2010276161,3403249065286303,Gita Firmansyah,gita.firmansyah7258@gmail.com,081986257029,Islam,"Jl. Ahmad Yani No.156, RT 14/RW 02, Gunung Kidul, DI Yogyakarta",Perempuan,"Gunung Kidul, 22/09/2007",2024,SMA Swasta 10 Gunung Kidul
CM000003,3415218409,3671053665666581,Irwan Handayani,irwan.handayani2970@gmail.com,089905673434,Islam,"Jl. MT. Haryono No.56, RT 08/RW 07, Tangerang, Banten",Laki-laki,"Tangerang, 26/08/2007",2025,MA Negeri 3 Tangerang
CM000004,2464692469,3376973653505432,Berlian Halim,berlian.halim4276@gmail.com,087863656018,Islam,"Jl. Merdeka No.134, RT 10/RW 03, Tegal, Jawa Tengah",Perempuan,"Tegal, 18/08/2007",2025,SMKN Pancasila Tegal
CM000005,9430141900,1801645899431662,Okta Wahyuningsih,okta.wahyuningsih4339@gmail.com,085252276682,Islam,"Jl. Veteran No.71, RT 15/RW 10, Lampung Selatan, Lampung",Laki-laki,"Lampung Selatan, 27/11/2005",2024,MAN 16 Lampung Selatan
CM000006,5715098409,9471564229060058,Julia Hartono,julia.hartono3768@gmail.com,085642706331,Islam,"Jl. Soekarno Hatta No.71, RT 12/RW 02, Jayapura, Papua",Perempuan,"Jayapura, 04/01/2006",2025,SMKN Cendekia Jayapura
CM000007,0862539992,3571505634212780,Vino Wibowo,vino.wibowo3787@gmail.com,083113979122,Islam,"Jl. Raya Utama No.65, RT 11/RW 10, Kediri, Jawa Timur",Laki-laki,"Kediri, 03/09/2008",2025,SMA Negeri Budi Utomo Kediri
CM000008,7610529555,3173064938204668,Intan Siregar,intan.siregar3733@gmail.com,081686033429,Islam,"Jl. Merdeka No.145, RT 01/RW 04, Jakarta Barat, DKI Jakarta",Perempuan,"Jakarta Barat, 04/05/2007",2025,SMK Negeri Gajah Mada Jakarta Barat
CM000009,0867129356,3401279158239731,Clara Halim,clara.halim7149@gmail.com,085832273242,Islam,"Jl. Tentara Pelajar No.140, RT 03/RW 04, Kulon Progo, DI Yogyakarta",Perempuan,"Kulon Progo, 21/01/2008",2025,SMK Swasta 22 Kulon Progo
CM000010,3100605304,1373244098435125,Zahra Hartono,zahra.hartono6378@gmail.com,081548437005,Islam,"Jl. Sultan Agung No.21, RT 13/RW 01, Solok, Sumatera Barat",Perempuan,"Solok, 16/06/2004",2023,MA Swasta Islam Terpadu Solok
CM000011,9410616157,3374686845514831,Sigit Hutapea,sigit.hutapea545@gmail.com,081845914499,Islam,"Jl. Hayam Wuruk No.171, RT 15/RW 09, Semarang, Jawa Tengah",Laki-laki,"Semarang, 11/04/2005",2022,SMA Negeri Al-Azhar Semarang
CM000012,5839814631,3173947759100912,Yusuf Hakim,yusuf.hakim6718@gmail.com,081769900153,Islam,"Jl. Panglima Besar No.28, RT 01/RW 07, Jakarta Barat, DKI Jakarta",Laki-laki,"Jakarta Barat, 14/08/2005",2024,MA Negeri 5 Jakarta Barat
CM000013,1148442410,3575914762497384,Jenny Wahyuningsih,jenny.wahyuningsih7339@gmail.com,081984274235,Islam,"Jl. Tentara Pelajar No.59, RT 20/RW 06, Madiun, Jawa Timur",Perempuan,"Madiun, 21/07/2007",2025,SMKN 18 Madiun
CM000014,1671103134,6402312442831915,Hesty Santoso,hesty.santoso412@gmail.com,089734658074,Islam,"Jl. Sultan Agung No.90, RT 07/RW 06, Kutai Kartanegara, Kalimantan Timur",Perempuan,"Kutai Kartanegara, 14/01/2007",2024,SMK Negeri 11 Kutai Kartanegara
CM000015,2884009952,1173260185845285,Krisna Oktavia,krisna.oktavia1647@gmail.com,088284056320,Islam,"Jl. Pahlawan No.122, RT 13/RW 07, Sabang, Aceh",Laki-laki,"Sabang, 18/06/2006",2025,SMKN 12 Sabang
CM000016,0565939194,1272462224088842,Okta Hasan,okta.hasan4046@gmail.com,083888244661,Islam,"Jl. Raya Utama No.8, RT 16/RW 04, Pematangsiantar, Sumatera Utara",Perempuan,"Pematangsiantar, 04/11/2004",2022,SMAN Nusantara Pematangsiantar
CM000017,2580103073,3275877030932622,Nita Ramadhani,nita.ramadhani9000@gmail.com,085249004003,Islam,"Jl. Raya Utama No.195, RT 16/RW 03, Bekasi, Jawa Barat",Perempuan,"Bekasi, 18/06/2007",2024,MA Negeri Hasanuddin Bekasi
CM000018,8471664947,9471082043202834,Teguh Anggraini,teguh.anggraini4192@gmail.com,082265624520,Islam,"Jl. Hayam Wuruk No.119, RT 09/RW 08, Jayapura, Papua",Laki-laki,"Jayapura, 06/05/2005",2024,MA Swasta Gajah Mada Jayapura
CM000019,7381656855,3278311336236351,Viola Nasution,viola.nasution3024@gmail.com,081201763475,Islam,"Jl. Gatot Subroto No.168, RT 18/RW 07, Tasikmalaya, Jawa Barat",Perempuan,"Tasikmalaya, 26/03/2005",2024,MAN 24 Tasikmalaya
CM000020,7278799487,7173971707315706,Erwin Nasution,erwin.nasution7143@gmail.com,089950321868,Kristen,"Jl. Merdeka No.29, RT 05/RW 10, Tomohon, Sulawesi Utara",Laki-laki,"Tomohon, 15/08/2007",2024,SMK Swasta 8 Tomohon
CM000021,9338027475,3273555340712903,Ayu Hermawan,ayu.hermawan6553@gmail.com,089645527547,Islam,"Jl. Merdeka No.121, RT 01/RW 05, Bandung, Jawa Barat",Perempuan,"Bandung, 08/04/2008",2025,SMKN Unggulan Bandung
CM000022,5454629348,5171117113156533,Arya Puspitasari,arya.puspitasari881@gmail.com,089728486205,Islam,"Jl. Brigjen Katamso No.69, RT 16/RW 03, Denpasar, Bali",Laki-laki,"Denpasar, 19/06/2005",2023,SMK Negeri Insan Kamil Denpasar
CM000023,2459435303,3274461918209357,Chandra Hutapea,chandra.hutapea6300@gmail.com,082329336874,Islam,"Jl. Veteran No.115, RT 08/RW 05, Cirebon, Jawa Barat",Laki-laki,"Cirebon, 02/03/2007",2025,SMKN 7 Cirebon
CM000024,6011203111,3578110455276906,Hana Kurniawan,hana.kurniawan2945@gmail.com,085338751524,Islam,"Jl. Imam Bonjol No.154, RT 02/RW 04, Surabaya, Jawa Timur",Perempuan,"Surabaya, 28/05/2006",2023,SMK Swasta 18 Surabaya
CM000025,1027123226,3575194133880979,Nita Pamungkas,nita.pamungkas7435@gmail.com,085849487287,Islam,"Jl. Sisingamangaraja No.193, RT 08/RW 09, Madiun, Jawa Timur",Perempuan,"Madiun, 07/12/2007",2025,SMA Swasta Diponegoro Madiun
CM000026,0462590193,8171845227597255,Irfan Putranto,irfan.putranto3974@gmail.com,081744398917,Islam,"Jl. Ahmad Yani No.122, RT 09/RW 05, Ambon, Maluku",Laki-laki,"Ambon, 10/11/2006",2020,SMAN Gajah Mada Ambon
CM000027,6298481268,3175992853208171,Erwin Permana,erwin.permana9930@gmail.com,089964869870,Islam,"Jl. Hayam Wuruk No.149, RT 19/RW 10, Jakarta Timur, DKI Jakarta",Laki-laki,"Jakarta Timur, 01/06/2007",2024,MA Swasta 11 Jakarta Timur
CM000028,3970436740,3404239116286923,Arya Hakim,arya.hakim9324@gmail.com,083841115723,Islam,"Jl. Pahlawan No.18, RT 13/RW 04, Sleman, DI Yogyakarta",Laki-laki,"Sleman, 26/04/2005",2024,SMKN 7 Sleman
CM000029,6774565198,6472037880768031,Yovita Kurniasih,yovita.kurniasih7237@gmail.com,085767033138,Islam,"Jl. Gatot Subroto No.36, RT 08/RW 06, Balikpapan, Kalimantan Timur",Perempuan,"Balikpapan, 05/04/2005",2024,MAN Terpadu Balikpapan
CM000030,0585345137,3276475962019808,Zainal Adiputra,zainal.adiputra5202@gmail.com,085547007224,Kristen,"Jl. Brigjen Katamso No.85, RT 02/RW 04, Depok, Jawa Barat",Laki-laki,"Depok, 05/12/2006",2024,MA Negeri Insan Kamil Depok
CM000031,7517817992,3373082633422044,Bunga Wardana,bunga.wardana5690@gmail.com,085336794187,Kristen,"Jl. Sudirman No.173, RT 12/RW 04, Salatiga, Jawa Tengah",Perempuan,"Salatiga, 23/03/2007",2024,SMK Negeri 1 Salatiga
CM000032,5315929210,3173856054421304,Dedy Septiani,dedy.septiani1592@gmail.com,085619681481,Kristen,"Jl. Hayam Wuruk No.58, RT 05/RW 03, Jakarta Barat, DKI Jakarta",Laki-laki,"Jakarta Barat, 28/12/2006",2024,MA Swasta Unggulan Jakarta Barat
CM000033,8947190290,1271135878396723,Dwita Hartono,dwita.hartono8168@gmail.com,085854710905,Islam,"Jl. Pemuda No.77, RT 10/RW 02, Sibolga, Sumatera Utara",Perempuan,"Sibolga, 12/03/2006",2025,SMK Negeri Diponegoro Sibolga
CM000034,0900506745,1273383639431500,Windy Yulianto,windy.yulianto1345@gmail.com,081399062389,Katolik,"Jl. Sultan Agung No.183, RT 08/RW 06, Binjai, Sumatera Utara",Perempuan,"Binjai, 07/03/2005",2023,SMAN Pembangunan Binjai
CM000035,7998378253,1274986478444534,Naufal Fitriani,naufal.fitriani2855@gmail.com,082114046937,Islam,"Jl. Diponegoro No.103, RT 06/RW 07, Tebing Tinggi, Sumatera Utara",Laki-laki,"Tebing Tinggi, 12/05/2005",2023,SMA Swasta Pancasila Tebing Tinggi
CM000036,0105783943,9407459611172383,Budi Pratama,budi.pratama94@gmail.com,081588835242,Islam,"Jl. Merdeka No.94, RT 11/RW 05, Mimika, Papua",Laki-laki,"Mimika, 07/10/2005",2024,SMA Swasta 17 Mimika
CM000037,9615907815,1272226751627765,Rina Fitriani,rina.fitriani7387@gmail.com,085863974119,Islam,"Jl. Ahmad Yani No.127, RT 10/RW 03, Pematangsiantar, Sumatera Utara",Perempuan,"Pematangsiantar, 03/09/2005",2023,SMAN 4 Pematangsiantar
CM000038,6649561827,3273167320704010,Bhanu Sudirman,bhanu.sudirman6462@gmail.com,081606915335,Islam,"Jl. Soekarno Hatta No.151, RT 04/RW 09, Bandung, Jawa Barat",Laki-laki,"Bandung, 02/01/2006",2025,MA Negeri Kartini Bandung
CM000039,7110642176,3174355024396009,Hani Mulyadi,hani.mulyadi9053@gmail.com,088118959900,Islam,"Jl. Imam Bonjol No.74, RT 06/RW 06, Jakarta Selatan, DKI Jakarta",Perempuan,"Jakarta Selatan, 06/09/2005",2024,SMA Swasta 23 Jakarta Selatan
CM000040,8028264506,9471828666312468,Putri Wardana,putri.wardana6759@gmail.com,085591356014,Islam,"Jl. Pemuda No.154, RT 13/RW 10, Jayapura, Papua",Perempuan,"Jayapura, 24/12/2007",2025,SMAN Pembangunan Jayapura
CM000041,5053463730,1275261375365863,Nurul Sudirman,nurul.sudirman2473@gmail.com,089920474193,Islam,"Jl. Panglima Besar No.196, RT 01/RW 09, Medan, Sumatera Utara",Laki-laki,"Medan, 17/01/2005",2022,SMK Swasta 24 Medan
CM000042,8716395571,8172125507753637,Hadi Wardana,hadi.wardana6869@gmail.com,083114812119,Islam,"Jl. MT. Haryono No.157, RT 12/RW 01, Tual, Maluku",Laki-laki,"Tual, 24/12/2005",2022,MA Swasta 17 Tual
CM000043,6793441013,3274779950660450,Muhammad Wijaya,muhammad.wijaya7035@gmail.com,085234650245,Islam,"Jl. Brigjen Katamso No.101, RT 05/RW 04, Cirebon, Jawa Barat",Laki-laki,"Cirebon, 06/07/2005",2024,MAN Diponegoro Cirebon
CM000044,0209536141,3401541042494717,Dwita Sulistyowati,dwita.sulistyowati9522@gmail.com,085843680205,Islam,"Jl. Diponegoro No.64, RT 02/RW 08, Kulon Progo, DI Yogyakarta",Perempuan,"Kulon Progo, 06/08/2007",2025,SMA Negeri 19 Kulon Progo
CM000045,3429147903,3201808215031608,Tari Saputra,tari.saputra1895@gmail.com,082260714107,Islam,"Jl. Sisingamangaraja No.61, RT 08/RW 06, Bogor, Jawa Barat",Perempuan,"Bogor, 06/09/2007",2025,SMK Swasta 1 Bogor
CM000046,0195833566,3403310851528585,Okvia Ramadhan,okvia.ramadhan4914@gmail.com,087799023039,Islam,"Jl. Raya Utama No.61, RT 18/RW 10, Gunung Kidul, DI Yogyakarta",Perempuan,"Gunung Kidul, 17/08/2006",2025,SMKN 7 Gunung Kidul
CM000047,8549334960,8172746702736837,Ika Soetomo,ika.soetomo8360@gmail.com,089845664523,Kristen,"Jl. Cut Nyak Dien No.98, RT 18/RW 08, Tual, Maluku",Perempuan,"Tual, 15/07/2005",2023,SMKN Pancasila Tual
CM000048,8789719241,7371982545303263,Irwan Sulistyowati,irwan.sulistyowati9471@gmail.com,089855798291,Islam,"Jl. Brigjen Katamso No.82, RT 10/RW 03, Makassar, Sulawesi Selatan",Laki-laki,"Makassar, 13/10/2006",2024,SMA Negeri 8 Makassar
CM000049,5217282166,1275121712784848,Oscar Iskandar,oscar.iskandar8718@gmail.com,089696656312,Islam,"Jl. Tentara Pelajar No.146, RT 04/RW 04, Medan, Sumatera Utara",Laki-laki,"Medan, 19/08/2004",2023,SMKN Terpadu Medan
CM000050,5043161261,7372376840837122,Ika Manurung,ika.manurung1906@gmail.com,085593244950,Islam,"Jl. Soekarno Hatta No.84, RT 15/RW 03, Parepare, Sulawesi Selatan",Perempuan,"Parepare, 15/08/2006",2025,SMAN Hasanuddin Parepare
CM000051,3748848396,3373073083000173,Oscar Kurniasih,oscar.kurniasih6739@gmail.com,089897111117,Islam,"Jl. Sultan Agung No.139, RT 09/RW 05, Salatiga, Jawa Tengah",Laki-laki,"Salatiga, 05/11/2007",2024,SMAN Unggulan Salatiga
CM000052,8469179892,1173308913681995,Tari Halim,tari.halim5864@gmail.com,082371202151,Islam,"Jl. Teuku Umar No.97, RT 12/RW 09, Sabang, Aceh",Perempuan,"Sabang, 02/01/2006",2023,MA Negeri 17 Sabang
CM000053,2206081467,5203131186953531,Guntur Rahayu,guntur.rahayu8383@gmail.com,082354262992,Islam,"Jl. Cut Nyak Dien No.170, RT 02/RW 04, Sumbawa, Nusa Tenggara Barat",Laki-laki,"Sumbawa, 21/12/2006",2023,MAN Kartini Sumbawa
CM000054,1620129980,1471701159060962,Sinta Ramadhan,sinta.ramadhan4284@gmail.com,081801059217,Kristen,"Jl. RE. Martadinata No.61, RT 11/RW 04, Pekanbaru, Riau",Perempuan,"Pekanbaru, 09/08/2004",2023,SMAN 16 Pekanbaru
CM000055,4869258341,3401037870019247,Bima Permana,bima.permana9456@gmail.com,081349420289,Islam,"Jl. Teuku Umar No.39, RT 15/RW 04, Kulon Progo, DI Yogyakarta",Laki-laki,"Kulon Progo, 03/04/2006",2025,SMAN 2 Kulon Progo
CM000056,6172793157,1402673072335892,Kartika Hidayat,kartika.hidayat4077@gmail.com,083878300934,Islam,"Jl. Diponegoro No.163, RT 03/RW 03, Bengkalis, Riau",Perempuan,"Bengkalis, 06/12/2007",2025,MAN 1 Bengkalis
CM000057,5805875441,3573608329951008,Nurul Prasetyo,nurul.prasetyo6327@gmail.com,081108962054,Islam,"Jl. Panglima Besar No.128, RT 14/RW 01, Malang, Jawa Timur",Laki-laki,"Malang, 19/02/2006",2024,SMA Negeri Plus Malang
CM000058,8433486278,6474239895997758,Muhammad Wibowo,muhammad.wibowo50@gmail.com,088273761080,Islam,"Jl. Sisingamangaraja No.184, RT 08/RW 07, Bontang, Kalimantan Timur",Laki-laki,"Bontang, 23/09/2006",2023,MA Negeri 19 Bontang
CM000059,8445378540,3404776652164950,Naufal Maulana,naufal.maulana6367@gmail.com,085865564497,Islam,"Jl. Raya Utama No.32, RT 01/RW 02, Sleman, DI Yogyakarta",Laki-laki,"Sleman, 13/07/2005",2023,SMK Swasta 2 Sleman
CM000060,7732096229,1173819388944690,Adinda Rasyid,adinda.rasyid202@gmail.com,081159937639,Islam,"Jl. RE. Martadinata No.88, RT 03/RW 09, Sabang, Aceh",Perempuan,"Sabang, 17/03/2006",2024,SMA Swasta Sudirman Sabang
CM000061,5812426697,1401928691388998,Indah Safitri,indah.safitri8097@gmail.com,081849077703,Islam,"Jl. Sudirman No.98, RT 18/RW 03, Kampar, Riau",Perempuan,"Kampar, 04/12/2008",2025,SMAN Muhammadiyah Kampar
CM000062,3059692511,7372982845228494,Lestari Septiani,lestari.septiani8032@gmail.com,081464082740,Islam,"Jl. Tentara Pelajar No.120, RT 04/RW 05, Parepare, Sulawesi Selatan",Perempuan,"Parepare, 04/02/2006",2023,MA Negeri 11 Parepare
CM000063,9034531451,5272421988522997,Sigit Kusuma,sigit.kusuma6975@gmail.com,081918839592,Islam,"Jl. Brigjen Katamso No.99, RT 19/RW 05, Bima, Nusa Tenggara Barat",Laki-laki,"Bima, 26/11/2006",2025,MA Swasta 21 Bima
CM000064,8290520406,5108870585678556,Dani Lestari,dani.lestari2490@gmail.com,087771190077,Islam,"Jl. Teuku Umar No.96, RT 02/RW 02, Karangasem, Bali",Laki-laki,"Karangasem, 24/07/2005",2022,SMK Swasta Muhammadiyah Karangasem
CM000065,9645738638,5103712765043473,Willy Ramadhani,willy.ramadhani8768@gmail.com,083803600133,Islam,"Jl. Tentara Pelajar No.193, RT 14/RW 08, Tabanan, Bali",Laki-laki,"Tabanan, 10/04/2004",2023,MA Swasta Al-Azhar Tabanan
CM000066,2859059303,3277663394204311,Ayu Nuraini,ayu.nuraini2240@gmail.com,085254981416,Islam,"Jl. Tentara Pelajar No.161, RT 04/RW 02, Cimahi, Jawa Barat",Perempuan,"Cimahi, 23/01/2006",2024,SMA Swasta Budi Utomo Cimahi
CM000067,7119043459,1273189890556050,Zahra Septiani,zahra.septiani7783@gmail.com,085365494129,Islam,"Jl. Soekarno Hatta No.137, RT 13/RW 05, Binjai, Sumatera Utara",Perempuan,"Binjai, 17/08/2005",2022,MA Swasta 3 Binjai
CM000068,5812831466,3403975908726273,Ferry Sihombing,ferry.sihombing9964@gmail.com,081527094374,Islam,"Jl. Tentara Pelajar No.20, RT 07/RW 07, Gunung Kidul, DI Yogyakarta",Laki-laki,"Gunung Kidul, 23/09/2005",2024,SMKN Insan Kamil Gunung Kidul
CM000069,2544297846,3671593674190316,Umar Fitriani,umar.fitriani868@gmail.com,082285854471,Islam,"Jl. Veteran No.25, RT 06/RW 05, Tangerang, Banten",Laki-laki,"Tangerang, 12/12/2006",2023,MA Negeri Terpadu Tangerang
CM000070,5735964441,7306473607597364,Nadia Halim,nadia.halim4884@gmail.com,081670933708,Islam,"Jl. Sudirman No.134, RT 13/RW 10, Gowa, Sulawesi Selatan",Perempuan,"Gowa, 19/06/2007",2025,SMK Negeri 9 Gowa
CM000071,1105788764,7172737971601648,Hesty Lubis,hesty.lubis9680@gmail.com,085296270640,Islam,"Jl. Soekarno Hatta No.94, RT 08/RW 03, Bitung, Sulawesi Utara",Perempuan,"Bitung, 16/01/2005",2024,MAN 18 Bitung
CM000072,4424252029,3572885644081926,Kukuh Permana,kukuh.permana6356@gmail.com,085510399382,Islam,"Jl. Soekarno Hatta No.1, RT 17/RW 06, Blitar, Jawa Timur",Laki-laki,"Blitar, 23/11/2004",2023,MA Swasta 6 Blitar
CM000073,4508583775,6472443951927777,Yasmin Maulana,yasmin.maulana2457@gmail.com,087878285620,Islam,"Jl. Pemuda No.151, RT 20/RW 09, Balikpapan, Kalimantan Timur",Perempuan,"Balikpapan, 22/01/2008",2025,MAN 6 Balikpapan
CM000074,2867229254,1801430928748548,Ivan Adiputra,ivan.adiputra2095@gmail.com,089886001650,Kristen,"Jl. Panglima Besar No.186, RT 08/RW 05, Lampung Selatan, Lampung",Laki-laki,"Lampung Selatan, 01/06/2007",2024,SMK Negeri 19 Lampung Selatan
CM000075,7131578009,3575146033301711,Julia Rasyid,julia.rasyid1249@gmail.com,081281365515,Islam,"Jl. Imam Bonjol No.142, RT 19/RW 04, Madiun, Jawa Timur",Perempuan,"Madiun, 13/06/2006",2024,MA Swasta Nusantara Madiun
CM000076,8683743706,3404420470724469,Aldi Wardana,aldi.wardana1743@gmail.com,089580894570,Islam,"Jl. Teuku Umar No.179, RT 16/RW 08, Sleman, DI Yogyakarta",Laki-laki,"Sleman, 17/06/2003",2022,MA Negeri 7 Sleman
CM000077,1092368731,1801054013246559,Dina Sinaga,dina.sinaga4712@gmail.com,085228716422,Islam,"Jl. RE. Martadinata No.84, RT 01/RW 07, Lampung Selatan, Lampung",Perempuan,"Lampung Selatan, 23/05/2003",2022,SMKN Muhammadiyah Lampung Selatan
CM000078,7936123022,1871523872583719,Mira Suharto,mira.suharto8217@gmail.com,085545833452,Islam,"Jl. Pemuda No.142, RT 10/RW 05, Bandar Lampung, Lampung",Perempuan,"Bandar Lampung, 05/03/2006",2023,MA Negeri 6 Bandar Lampung
CM000079,3062342603,1871144179927772,Ulfa Fitriani,ulfa.fitriani1797@gmail.com,089783428639,Islam,"Jl. Panglima Besar No.127, RT 18/RW 05, Bandar Lampung, Lampung",Perempuan,"Bandar Lampung, 22/12/2006",2024,MA Swasta 14 Bandar Lampung
CM000080,6770630230,1172795623305037,Naufal Oktavia,naufal.oktavia5238@gmail.com,088215024557,Islam,"Jl. Imam Bonjol No.20, RT 14/RW 02, Lhokseumawe, Aceh",Laki-laki,"Lhokseumawe, 10/02/2006",2023,SMKN Unggulan Lhokseumawe
CM000081,4487475755,3674326337642399,Yasmin Andriani,yasmin.andriani4616@gmail.com,083142015141,Islam,"Jl. Teuku Umar No.116, RT 03/RW 09, Tangerang Selatan, Banten",Perempuan,"Tangerang Selatan, 17/08/2005",2023,SMK Negeri 25 Tangerang Selatan
CM000082,9785133650,5271204347678917,Hafiz Maulana,hafiz.maulana7154@gmail.com,085727735249,Kristen,"Jl. Soekarno Hatta No.85, RT 08/RW 09, Mataram, Nusa Tenggara Barat",Laki-laki,"Mataram, 12/02/2003",2022,MAN Islam Terpadu Mataram
CM000083,9833521658,3173340233629532,Dwi Budiman,dwi.budiman4642@gmail.com,081548835493,Islam,"Jl. Hayam Wuruk No.106, RT 18/RW 07, Jakarta Barat, DKI Jakarta",Laki-laki,"Jakarta Barat, 08/08/2005",2023,SMA Swasta Diponegoro Jakarta Barat
CM000084,1531544372,6472568927204394,Yasmin Firmansyah,yasmin.firmansyah9444@gmail.com,087723903234,Islam,"Jl. Pahlawan No.165, RT 18/RW 09, Balikpapan, Kalimantan Timur",Perempuan,"Balikpapan, 24/10/2004",2022,MAN 23 Balikpapan
CM000085,4714323159,1801705328422213,Cinta Andriani,cinta.andriani1922@gmail.com,089945285531,Islam,"Jl. Gatot Subroto No.5, RT 04/RW 03, Lampung Selatan, Lampung",Perempuan,"Lampung Selatan, 23/01/2005",2024,MAN 4 Lampung Selatan
CM000086,6401332470,3319328538538512,Vina Prasetyo,vina.prasetyo8975@gmail.com,089889748937,Islam,"Jl. MT. Haryono No.136, RT 10/RW 06, Kudus, Jawa Tengah",Perempuan,"Kudus, 06/04/2006",2023,MAN Budi Utomo Kudus
CM000087,0427441250,5201355738582314,Tari Wahyudi,tari.wahyudi9324@gmail.com,081122867972,Islam,"Jl. Teuku Umar No.44, RT 05/RW 10, Lombok Barat, Nusa Tenggara Barat",Perempuan,"Lombok Barat, 02/12/2006",2025,MA Negeri 19 Lombok Barat
CM000088,1770995930,1402778336815686,Budi Kurniawan,budi.kurniawan2422@gmail.com,081612441496,Islam,"Jl. Pahlawan No.33, RT 13/RW 02, Bengkalis, Riau",Laki-laki,"Bengkalis, 10/11/2006",2024,MAN 1 Bengkalis
CM000089,9659648641,5104405954835834,Guntur Manurung,guntur.manurung5801@gmail.com,089716505586,Kristen,"Jl. Cut Nyak Dien No.189, RT 07/RW 01, Gianyar, Bali",Laki-laki,"Gianyar, 05/03/2006",2025,MA Swasta Plus Gianyar
CM000090,6498140426,1872942324663617,Laras Santoso,laras.santoso5648@gmail.com,085679124345,Islam,"Jl. Hayam Wuruk No.141, RT 08/RW 01, Metro, Lampung",Perempuan,"Metro, 17/07/2006",2021,SMAN Terpadu Metro
CM000091,9655372708,6471521144659321,Bunga Ramadhan,bunga.ramadhan2716@gmail.com,081352774522,Islam,"Jl. Pahlawan No.147, RT 18/RW 04, Samarinda, Kalimantan Timur",Perempuan,"Samarinda, 09/02/2006",2023,MA Swasta Pancasila Samarinda
CM000092,6620153929,1271434236941097,Citra Sudirman,citra.sudirman7521@gmail.com,081543381115,Islam,"Jl. Hayam Wuruk No.67, RT 04/RW 02, Sibolga, Sumatera Utara",Perempuan,"Sibolga, 22/04/2007",2024,MAN 13 Sibolga
CM000093,2419581908,3578153535102627,Irfan Salim,irfan.salim1835@gmail.com,085817838463,Islam,"Jl. Veteran No.101, RT 07/RW 03, Surabaya, Jawa Timur",Laki-laki,"Surabaya, 05/03/2006",2023,SMA Negeri 20 Surabaya
CM000094,2881989350,3173426998908959,Naufal Purnomo,naufal.purnomo7877@gmail.com,081987526517,Islam,"Jl. Soekarno Hatta No.84, RT 07/RW 09, Jakarta Barat, DKI Jakarta",Laki-laki,"Jakarta Barat, 10/09/2003",2022,SMK Swasta Terpadu Jakarta Barat
CM000095,7813838753,3173298476938445,Hafiz Putranto,hafiz.putranto5601@gmail.com,081629482277,Islam,"Jl. Diponegoro No.53, RT 13/RW 04, Jakarta Barat, DKI Jakarta",Laki-laki,"Jakarta Barat, 01/04/2005",2024,MA Swasta Pembangunan Jakarta Barat
CM000096,3614042436,3509253195418815,Endah Manurung,endah.manurung1243@gmail.com,087858862413,Islam,"Jl. Teuku Umar No.26, RT 20/RW 09, Jember, Jawa Timur",Perempuan,"Jember, 08/04/2005",2022,SMK Swasta Insan Kamil Jember
CM000097,9603717525,1173387356158583,Uswah Nuraini,uswah.nuraini4759@gmail.com,081163655625,Islam,"Jl. Soekarno Hatta No.36, RT 06/RW 08, Sabang, Aceh",Perempuan,"Sabang, 26/12/2006",2023,MA Swasta Harapan Bangsa Sabang
CM000098,9489993468,3171174971814568,Intan Lestari,intan.lestari1333@gmail.com,083851542575,Konghucu,"Jl. MT. Haryono No.64, RT 20/RW 01, Jakarta Pusat, DKI Jakarta",Perempuan,"Jakarta Pusat, 11/11/2008",2025,SMKN 6 Jakarta Pusat
CM000099,9374385025,3373405585145292,Vivi Mahendra,vivi.mahendra5576@gmail.com,081258014142,Islam,"Jl. Panglima Besar No.181, RT 12/RW 08, Salatiga, Jawa Tengah",Perempuan,"Salatiga, 20/03/2007",2024,SMAN 11 Salatiga
CM000100,9450019602,1402441312765546,Kirana Nugraha,kirana.nugraha4566@gmail.com,089846517436,Islam,"Jl. Cut Nyak Dien No.22, RT 08/RW 05, Bengkalis, Riau",Perempuan,"Bengkalis, 25/07/2008",2025,MA Negeri Sudirman Bengkalis
CM000101,4435380672,3172696633252591,Raka Nugroho,raka.nugroho8233@gmail.com,089553428064,Kristen,"Jl. Soekarno Hatta No.79, RT 14/RW 01, Jakarta Utara, DKI Jakarta",Laki-laki,"Jakarta Utara, 13/08/2006",2024,SMK Negeri 21 Jakarta Utara
CM000102,2147950897,6402058313923268,Surya Kurniasih,surya.kurniasih3505@gmail.com,085815772266,Islam,"Jl. Gatot Subroto No.69, RT 20/RW 04, Kutai Kartanegara, Kalimantan Timur",Laki-laki,"Kutai Kartanegara, 21/01/2006",2025,SMK Swasta 12 Kutai Kartanegara
CM000103,6315825307,3374641051833906,Yuni Purnomo,yuni.purnomo4024@gmail.com,088212029487,Islam,"Jl. Raya Utama No.116, RT 19/RW 05, Semarang, Jawa Tengah",Perempuan,"Semarang, 09/03/2004",2023,MA Negeri 15 Semarang
CM000104,4715845435,1801102221482339,Rina Putranto,rina.putranto7831@gmail.com,082322606409,Islam,"Jl. MT. Haryono No.14, RT 12/RW 06, Lampung Selatan, Lampung",Perempuan,"Lampung Selatan, 08/12/2006",2024,SMA Swasta 19 Lampung Selatan
CM000105,3637288110,3673090788514694,Oki Prasetyo,oki.prasetyo7612@gmail.com,082232015164,Islam,"Jl. Sisingamangaraja No.60, RT 19/RW 02, Serang, Banten",Laki-laki,"Serang, 14/05/2007",2020,SMA Swasta 11 Serang
CM000106,9262587188,1172923873628608,Dina Sinaga,dina.sinaga4355@gmail.com,087863157399,Islam,"Jl. Sultan Agung No.152, RT 07/RW 05, Lhokseumawe, Aceh",Perempuan,"Lhokseumawe, 16/08/2004",2023,SMK Negeri 16 Lhokseumawe
CM000107,1078427204,1373814681903096,Agus Sudirman,agus.sudirman3888@gmail.com,083199961432,Islam,"Jl. Merdeka No.84, RT 11/RW 10, Solok, Sumatera Barat",Laki-laki,"Solok, 10/01/2004",2023,SMKN 22 Solok
CM000108,9805589737,5108090213494995,Clara Nugraha,clara.nugraha748@gmail.com,082231198997,Islam,"Jl. Pemuda No.95, RT 19/RW 05, Karangasem, Bali",Perempuan,"Karangasem, 25/02/2005",2024,SMAN Insan Kamil Karangasem
CM000109,6460096222,5171170648450336,Intan Lubis,intan.lubis3405@gmail.com,089953155310,Islam,"Jl. Brigjen Katamso No.10, RT 09/RW 06, Denpasar, Bali",Perempuan,"Denpasar, 05/03/2005",2022,SMAN 15 Denpasar
CM000110,3943221467,7173132598493240,Budi Rasyid,budi.rasyid5983@gmail.com,085353690254,Islam,"Jl. Panglima Besar No.90, RT 08/RW 01, Tomohon, Sulawesi Utara",Laki-laki,"Tomohon, 10/12/2006",2023,SMK Negeri Islam Terpadu Tomohon
CM000111,0575552898,7174633360046898,Danang Prasetyo,danang.prasetyo3440@gmail.com,088194535206,Islam,"Jl. Imam Bonjol No.117, RT 20/RW 09, Kotamobagu, Sulawesi Utara",Laki-laki,"Kotamobagu, 14/11/2005",2023,SMAN 14 Kotamobagu
CM000112,0008691632,3674477500051075,Zainal Halim,zainal.halim7071@gmail.com,088273759815,Islam,"Jl. Pemuda No.113, RT 05/RW 05, Tangerang Selatan, Banten",Laki-laki,"Tangerang Selatan, 18/02/2006",2024,SMK Swasta 13 Tangerang Selatan
CM000113,2200272386,5171665417977784,Putra Kurniasih,putra.kurniasih6681@gmail.com,089730681537,Islam,"Jl. MT. Haryono No.23, RT 04/RW 10, Denpasar, Bali",Laki-laki,"Denpasar, 21/06/2005",2022,SMA Swasta 3 Denpasar
CM000114,2745996757,3575141868074014,Chandra Suharto,chandra.suharto4218@gmail.com,085254779673,Islam,"Jl. Sudirman No.124, RT 12/RW 02, Madiun, Jawa Timur",Laki-laki,"Madiun, 05/11/2006",2024,SMA Negeri 17 Madiun
CM000115,9759638273,1373444089491632,Lukman Hartono,lukman.hartono7143@gmail.com,081286238688,Islam,"Jl. Sisingamangaraja No.166, RT 03/RW 10, Solok, Sumatera Barat",Laki-laki,"Solok, 15/07/2007",2020,SMAN Insan Kamil Solok
CM000116,4149137449,3673785455109736,Eka Anggraini,eka.anggraini8505@gmail.com,089773715303,Islam,"Jl. Panglima Besar No.47, RT 07/RW 10, Serang, Banten",Perempuan,"Serang, 12/09/2006",2024,SMK Negeri 18 Serang
CM000117,7118731174,1275639038836492,Muhammad Nugraha,muhammad.nugraha9630@gmail.com,089903189548,Islam,"Jl. Pahlawan No.117, RT 05/RW 09, Medan, Sumatera Utara",Laki-laki,"Medan, 25/12/2005",2024,MA Swasta 11 Medan
CM000118,8018955797,9471825053980173,Hafiz Sihombing,hafiz.sihombing1287@gmail.com,081731925474,Islam,"Jl. MT. Haryono No.133, RT 17/RW 02, Jayapura, Papua",Laki-laki,"Jayapura, 05/08/2004",2022,SMK Swasta 19 Jayapura
CM000119,6577664969,1871882654886634,Andika Susanto,andika.susanto3510@gmail.com,087791096690,Islam,"Jl. Pahlawan No.139, RT 04/RW 07, Bandar Lampung, Lampung",Laki-laki,"Bandar Lampung, 19/07/2005",2024,SMAN Plus Bandar Lampung
CM000120,0753857361,1174367665370088,Rahma Ibrahim,rahma.ibrahim9261@gmail.com,081368489142,Islam,"Jl. Merdeka No.152, RT 13/RW 01, Langsa, Aceh",Perempuan,"Langsa, 05/09/2008",2025,SMA Swasta Plus Langsa
CM000121,8456889686,6402696076291229,Danang Santoso,danang.santoso3730@gmail.com,089779473604,Islam,"Jl. Pahlawan No.78, RT 04/RW 08, Kutai Kartanegara, Kalimantan Timur",Laki-laki,"Kutai Kartanegara, 21/10/2003",2022,SMAN 12 Kutai Kartanegara
CM000122,2540545465,5201329617591503,Hafiz Ardiansyah,hafiz.ardiansyah2683@gmail.com,085337008645,Islam,"Jl. Soekarno Hatta No.23, RT 15/RW 06, Lombok Barat, Nusa Tenggara Barat",Laki-laki,"Lombok Barat, 11/03/2007",2025,SMK Negeri 11 Lombok Barat
CM000123,6393589181,3402628707828585,Gracia Puspitasari,gracia.puspitasari9131@gmail.com,081874214090,Kristen,"Jl. Raya Utama No.155, RT 11/RW 06, Bantul, DI Yogyakarta",Perempuan,"Bantul, 04/12/2004",2023,MA Swasta 10 Bantul
CM000124,1974155775,1275583779070484,Surya Santoso,surya.santoso1220@gmail.com,085618492418,Islam,"Jl. Brigjen Katamso No.126, RT 16/RW 04, Medan, Sumatera Utara",Laki-laki,"Medan, 17/12/2007",2024,SMKN 24 Medan
CM000125,1773555371,8172626949898042,Joko Suharto,joko.suharto8831@gmail.com,083838210910,Islam,"Jl. Merdeka No.59, RT 03/RW 10, Tual, Maluku",Laki-laki,"Tual, 03/09/2004",2022,MA Swasta Muhammadiyah Tual
CM000126,4234787698,7172151079244657,Elsa Ramadhan,elsa.ramadhan8197@gmail.com,088131930796,Islam,"Jl. Imam Bonjol No.176, RT 16/RW 09, Bitung, Sulawesi Utara",Perempuan,"Bitung, 14/03/2007",2025,SMK Swasta 6 Bitung
CM000127,4869030707,1172416671945008,Rina Rahayu,rina.rahayu7570@gmail.com,081231095179,Islam,"Jl. MT. Haryono No.119, RT 17/RW 09, Lhokseumawe, Aceh",Perempuan,"Lhokseumawe, 03/07/2006",2023,MA Negeri Al-Azhar Lhokseumawe
CM000128,2816759420,5102465217638930,Danang Wahyudi,danang.wahyudi3603@gmail.com,082138404274,Islam,"Jl. Sisingamangaraja No.172, RT 03/RW 07, Badung, Bali",Laki-laki,"Badung, 16/09/2007",2025,MA Swasta 25 Badung
CM000129,0032351298,1172834683266635,Vino Adiputra,vino.adiputra5722@gmail.com,083172558686,Islam,"Jl. RE. Martadinata No.112, RT 12/RW 08, Lhokseumawe, Aceh",Laki-laki,"Lhokseumawe, 27/01/2005",2024,SMAN 14 Lhokseumawe
CM000130,6865016842,8101936421575453,Xena Prasetyo,xena.prasetyo2307@gmail.com,087851117944,Islam,"Jl. Merdeka No.31, RT 02/RW 04, Maluku Tengah, Maluku",Perempuan,"Maluku Tengah, 28/10/2004",2023,SMA Swasta Harapan Bangsa Maluku Tengah
CM000131,7990716316,8172175383168666,Sandi Septiani,sandi.septiani8989@gmail.com,085789132901,Islam,"Jl. Diponegoro No.85, RT 04/RW 05, Tual, Maluku",Laki-laki,"Tual, 11/06/2006",2024,SMK Swasta 13 Tual
CM000132,1375784214,1375898934156433,Julia Safitri,julia.safitri7735@gmail.com,081354800816,Islam,"Jl. MT. Haryono No.173, RT 03/RW 04, Pariaman, Sumatera Barat",Perempuan,"Pariaman, 16/08/2006",2025,MA Negeri Harapan Bangsa Pariaman
CM000133,7534015931,3671320282085938,Krisna Puspitasari,krisna.puspitasari9919@gmail.com,081634383941,Islam,"Jl. Sultan Agung No.150, RT 01/RW 03, Tangerang, Banten",Laki-laki,"Tangerang, 03/11/2005",2022,SMA Negeri 19 Tangerang
CM000134,8562222560,3171923209241962,Surya Handayani,surya.handayani660@gmail.com,081234735607,Islam,"Jl. Sisingamangaraja No.68, RT 16/RW 04, Jakarta Pusat, DKI Jakarta",Laki-laki,"Jakarta Pusat, 11/04/2007",2024,SMAN Unggulan Jakarta Pusat
CM000135,9931690699,3371987104234774,Elsa Ramadhani,elsa.ramadhani3749@gmail.com,081910400188,Islam,"Jl. Panglima Besar No.16, RT 19/RW 06, Magelang, Jawa Tengah",Perempuan,"Magelang, 04/10/2006",2025,MAN Al-Azhar Magelang
CM000136,1680287485,6471630091043393,Rahma Santoso,rahma.santoso6841@gmail.com,081774175336,Kristen,"Jl. Hayam Wuruk No.180, RT 06/RW 06, Samarinda, Kalimantan Timur",Perempuan,"Samarinda, 02/08/2005",2024,MA Swasta Nusantara Samarinda
CM000137,1089048803,1172452160463534,Jefri Mulyadi,jefri.mulyadi353@gmail.com,089616520891,Islam,"Jl. Sudirman No.61, RT 18/RW 09, Lhokseumawe, Aceh",Laki-laki,"Lhokseumawe, 15/09/2005",2024,MA Swasta Pembangunan Lhokseumawe
CM000138,1706891156,7174132657324597,Fani Maulana,fani.maulana1881@gmail.com,081109208011,Islam,"Jl. Veteran No.89, RT 05/RW 07, Kotamobagu, Sulawesi Utara",Perempuan,"Kotamobagu, 05/04/2005",2024,SMA Swasta 10 Kotamobagu
CM000139,2576230318,3319806068161181,Randy Lubis,randy.lubis1337@gmail.com,082120859633,Buddha,"Jl. Diponegoro No.81, RT 01/RW 10, Kudus, Jawa Tengah",Laki-laki,"Kudus, 22/09/2006",2023,MA Swasta 8 Kudus
CM000140,0779487121,3172219590835011,Tri Rasyid,tri.rasyid825@gmail.com,085870148024,Islam,"Jl. Merdeka No.179, RT 03/RW 04, Jakarta Utara, DKI Jakarta",Laki-laki,"Jakarta Utara, 05/09/2008",2025,SMAN 14 Jakarta Utara
CM000141,3854419886,7173996555228284,Hesty Sudirman,hesty.sudirman5444@gmail.com,081313207816,Islam,"Jl. Pahlawan No.30, RT 10/RW 06, Tomohon, Sulawesi Utara",Perempuan,"Tomohon, 15/09/2005",2023,MAN 20 Tomohon
CM000142,1123303590,6472951122973920,Nurul Handayani,nurul.handayani9248@gmail.com,085686281493,Islam,"Jl. Imam Bonjol No.59, RT 09/RW 04, Balikpapan, Kalimantan Timur",Laki-laki,"Balikpapan, 25/05/2003",2022,SMKN Diponegoro Balikpapan
CM000143,1133989704,9271918103672526,Umar Mulyadi,umar.mulyadi5933@gmail.com,081698726854,Islam,"Jl. Gatot Subroto No.52, RT 12/RW 03, Sorong, Papua",Laki-laki,"Sorong, 28/04/2007",2020,MA Negeri Pancasila Sorong
CM000144,7904878622,3371285652225860,Annisa Permana,annisa.permana1261@gmail.com,085852376008,Katolik,"Jl. Raya Utama No.157, RT 09/RW 02, Magelang, Jawa Tengah",Perempuan,"Magelang, 09/09/2006",2023,SMKN 17 Magelang
CM000145,7683423286,9271037805209755,Binar Yulianto,binar.yulianto6743@gmail.com,087712621596,Islam,"Jl. Cut Nyak Dien No.162, RT 08/RW 02, Sorong, Papua",Perempuan,"Sorong, 07/11/2007",2025,SMAN Gajah Mada Sorong
CM000146,9632589769,1471363436256257,Ilham Permana,ilham.permana987@gmail.com,085277483525,Islam,"Jl. Gatot Subroto No.63, RT 16/RW 04, Pekanbaru, Riau",Laki-laki,"Pekanbaru, 20/09/2006",2023,SMAN 20 Pekanbaru
CM000147,1554429511,1374261417921795,Olivia Safitri,olivia.safitri5237@gmail.com,085219568930,Islam,"Jl. Tentara Pelajar No.57, RT 13/RW 10, Payakumbuh, Sumatera Barat",Perempuan,"Payakumbuh, 25/09/2003",2022,SMA Swasta Cendekia Payakumbuh
CM000148,9672894411,1402625488054874,Wulan Oktavia,wulan.oktavia8096@gmail.com,082324828210,Islam,"Jl. MT. Haryono No.172, RT 05/RW 04, Bengkalis, Riau",Perempuan,"Bengkalis, 11/01/2003",2022,SMAN 24 Bengkalis
CM000149,2639321338,8172318477373798,Ragil Permana,ragil.permana4969@gmail.com,088247584927,Islam,"Jl. Cut Nyak Dien No.141, RT 05/RW 10, Tual, Maluku",Laki-laki,"Tual, 08/07/2005",2024,SMK Negeri 13 Tual
CM000150,5285664109,1274164294801739,Tiara Andriani,tiara.andriani8970@gmail.com,082137581928,Islam,"Jl. Hayam Wuruk No.1, RT 04/RW 07, Tebing Tinggi, Sumatera Utara",Perempuan,"Tebing Tinggi, 01/07/2007",2025,SMKN Budi Utomo Tebing Tinggi
CM000151,1997733739,3175117798362459,Rizky Manurung,rizky.manurung9125@gmail.com,081631396123,Islam,"Jl. Teuku Umar No.149, RT 01/RW 08, Jakarta Timur, DKI Jakarta",Laki-laki,"Jakarta Timur, 06/04/2005",2023,SMAN Terpadu Jakarta Timur
CM000152,8738452193,3402903284999688,Hadi Sihombing,hadi.sihombing3954@gmail.com,081327736580,Islam,"Jl. Ahmad Yani No.147, RT 16/RW 07, Bantul, DI Yogyakarta",Laki-laki,"Bantul, 20/06/2006",2024,MA Negeri Ahmad Dahlan Bantul
CM000153,5421826450,9407868844285328,Hendra Safitri,hendra.safitri8117@gmail.com,085393213295,Kristen,"Jl. RE. Martadinata No.157, RT 02/RW 10, Mimika, Papua",Laki-laki,"Mimika, 01/04/2008",2025,SMA Negeri Cendekia Mimika
CM000154,4590231473,3403996044503471,Galih Kusuma,galih.kusuma4922@gmail.com,081453382192,Islam,"Jl. Tentara Pelajar No.16, RT 10/RW 04, Gunung Kidul, DI Yogyakarta",Laki-laki,"Gunung Kidul, 22/01/2006",2023,SMA Negeri Al-Azhar Gunung Kidul
CM000155,9757860664,1373849473933913,Nurul Sihombing,nurul.sihombing3030@gmail.com,085811815094,Islam,"Jl. Raya Utama No.86, RT 14/RW 10, Solok, Sumatera Barat",Perempuan,"Solok, 11/06/2007",2025,SMA Negeri 14 Solok
CM000156,2366870708,3672296361685427,Zaki Saputra,zaki.saputra6629@gmail.com,082146810126,Islam,"Jl. Diponegoro No.77, RT 05/RW 02, Cilegon, Banten",Laki-laki,"Cilegon, 14/12/2008",2025,MA Negeri Terpadu Cilegon
CM000157,6231156893,6472107891937968,Bayu Mahendra,bayu.mahendra1070@gmail.com,081437845481,Islam,"Jl. Pahlawan No.61, RT 14/RW 06, Balikpapan, Kalimantan Timur",Laki-laki,"Balikpapan, 14/10/2007",2024,SMAN Insan Kamil Balikpapan
CM000158,4138544833,7372898752867011,Agus Maulana,agus.maulana4263@gmail.com,081702179712,Islam,"Jl. MT. Haryono No.7, RT 03/RW 06, Parepare, Sulawesi Selatan",Laki-laki,"Parepare, 08/06/2006",2023,MA Negeri 8 Parepare
CM000159,4360138791,3572509415454099,Bella Sinaga,bella.sinaga6974@gmail.com,083131391382,Islam,"Jl. Sisingamangaraja No.15, RT 17/RW 01, Blitar, Jawa Timur",Perempuan,"Blitar, 21/11/2007",2025,MAN Cendekia Blitar
CM000160,8508012738,3202462035453815,Chandra Ramadhan,chandra.ramadhan152@gmail.com,089994549338,Islam,"Jl. Imam Bonjol No.143, RT 20/RW 04, Sukabumi, Jawa Barat",Laki-laki,"Sukabumi, 18/08/2006",2025,SMKN 25 Sukabumi
CM000161,1123095492,5102640096316585,Ilham Gunawan,ilham.gunawan5905@gmail.com,082352384587,Islam,"Jl. Teuku Umar No.137, RT 10/RW 08, Badung, Bali",Laki-laki,"Badung, 14/02/2004",2022,SMA Swasta Insan Kamil Badung
CM000162,3187578728,7373617273091372,Bima Ramadhani,bima.ramadhani2081@gmail.com,088237690982,Kristen,"Jl. Diponegoro No.107, RT 07/RW 10, Palopo, Sulawesi Selatan",Laki-laki,"Palopo, 16/07/2006",2025,SMKN 22 Palopo
CM000163,5469409911,3573863932533962,Priska Wahyuningsih,priska.wahyuningsih832@gmail.com,089635236918,Katolik,"Jl. Gatot Subroto No.105, RT 05/RW 08, Malang, Jawa Timur",Perempuan,"Malang, 27/12/2005",2022,MA Swasta Kartini Malang
CM000164,2435052541,7174969971319955,Anggun Manurung,anggun.manurung6177@gmail.com,081805020666,Islam,"Jl. Ahmad Yani No.13, RT 20/RW 03, Kotamobagu, Sulawesi Utara",Perempuan,"Kotamobagu, 15/02/2008",2025,MA Swasta Nusantara Kotamobagu
CM000165,0722436841,3202925403196038,Vivi Hasan,vivi.hasan5419@gmail.com,081760206969,Islam,"Jl. Pahlawan No.120, RT 18/RW 02, Sukabumi, Jawa Barat",Perempuan,"Sukabumi, 16/01/2007",2024,MA Swasta Hasanuddin Sukabumi
CM000166,0747686927,3509726604190838,Adinda Purnomo,adinda.purnomo6790@gmail.com,081336774780,Islam,"Jl. Sultan Agung No.34, RT 20/RW 08, Jember, Jawa Timur",Perempuan,"Jember, 27/11/2006",2025,SMA Swasta Unggulan Jember
CM000167,8713897884,1374021284919245,Teguh Purnomo,teguh.purnomo7644@gmail.com,085599847083,Islam,"Jl. Sudirman No.56, RT 01/RW 03, Payakumbuh, Sumatera Barat",Laki-laki,"Payakumbuh, 16/08/2008",2025,SMAN 8 Payakumbuh
CM000168,1403908406,3376003089002769,Cipto Gunawan,cipto.gunawan1708@gmail.com,082244810512,Islam,"Jl. Pahlawan No.61, RT 16/RW 03, Tegal, Jawa Tengah",Laki-laki,"Tegal, 07/08/2005",2023,SMK Negeri Sudirman Tegal
CM000169,4121153462,5102866393463142,Priska Salim,priska.salim5426@gmail.com,085839529493,Hindu,"Jl. Pahlawan No.71, RT 07/RW 08, Badung, Bali",Perempuan,"Badung, 11/08/2007",2025,SMA Negeri Ahmad Dahlan Badung
CM000170,2861607202,1471890606697940,Maya Wardana,maya.wardana866@gmail.com,087812376386,Islam,"Jl. Brigjen Katamso No.111, RT 07/RW 09, Pekanbaru, Riau",Perempuan,"Pekanbaru, 16/12/2007",2024,SMKN Diponegoro Pekanbaru
CM000171,1390552792,1372867359926962,Okta Gunawan,okta.gunawan6943@gmail.com,085863087163,Islam,"Jl. Pemuda No.15, RT 09/RW 03, Bukittinggi, Sumatera Barat",Perempuan,"Bukittinggi, 18/04/2004",2023,SMKN Sudirman Bukittinggi
CM000172,1197508216,3509587882214179,Oscar Rasyid,oscar.rasyid4845@gmail.com,081515180837,Islam,"Jl. Panglima Besar No.61, RT 17/RW 02, Jember, Jawa Timur",Laki-laki,"Jember, 12/08/2006",2024,MA Swasta Sudirman Jember
CM000173,7843716399,3278457113952027,Udin Mulyadi,udin.mulyadi7270@gmail.com,085842716561,Islam,"Jl. Raya Utama No.194, RT 12/RW 02, Tasikmalaya, Jawa Barat",Laki-laki,"Tasikmalaya, 15/06/2008",2025,MA Negeri Unggulan Tasikmalaya
CM000174,4696368745,7172702636750493,Gilang Sudirman,gilang.sudirman9410@gmail.com,081583622924,Islam,"Jl. Pemuda No.11, RT 03/RW 02, Bitung, Sulawesi Utara",Laki-laki,"Bitung, 18/09/2006",2025,SMA Negeri 11 Bitung
CM000175,2602246075,1174922510355267,Nurul Ramadhan,nurul.ramadhan5696@gmail.com,085580141239,Kristen,"Jl. Pemuda No.49, RT 14/RW 09, Langsa, Aceh",Laki-laki,"Langsa, 18/03/2006",2023,SMA Swasta 17 Langsa
CM000176,7411527453,3374039293624562,Maulana Ramadhani,maulana.ramadhani3254@gmail.com,081592115374,Islam,"Jl. Tentara Pelajar No.165, RT 01/RW 02, Semarang, Jawa Tengah",Laki-laki,"Semarang, 20/06/2006",2025,SMK Swasta 16 Semarang
CM000177,7656046911,1801537959594175,Tiara Salim,tiara.salim6024@gmail.com,083806395639,Islam,"Jl. RE. Martadinata No.198, RT 19/RW 09, Lampung Selatan, Lampung",Perempuan,"Lampung Selatan, 08/06/2007",2025,SMAN 7 Lampung Selatan
CM000178,6511209857,1271999333898683,Sinta Siregar,sinta.siregar6341@gmail.com,081228748628,Islam,"Jl. Ahmad Yani No.80, RT 04/RW 08, Sibolga, Sumatera Utara",Perempuan,"Sibolga, 23/01/2006",2024,MAN 5 Sibolga
CM000179,4453681800,3575931456510783,Hadi Sudirman,hadi.sudirman1358@gmail.com,089786406433,Katolik,"Jl. Raya Utama No.179, RT 05/RW 03, Madiun, Jawa Timur",Laki-laki,"Madiun, 16/09/2007",2025,SMKN Nusantara Madiun
CM000180,3851191915,5272083975280429,Yoga Permana,yoga.permana7348@gmail.com,089749663050,Islam,"Jl. Teuku Umar No.48, RT 15/RW 03, Bima, Nusa Tenggara Barat",Laki-laki,"Bima, 26/01/2006",2024,MA Negeri Al-Azhar Bima
CM000181,8959501887,7171037614588357,Krisna Purnomo,krisna.purnomo6550@gmail.com,081684761502,Islam,"Jl. Cut Nyak Dien No.109, RT 16/RW 10, Manado, Sulawesi Utara",Laki-laki,"Manado, 19/07/2005",2023,SMK Negeri Harapan Bangsa Manado
CM000182,6933023092,1872457798133760,Oscar Purnomo,oscar.purnomo8362@gmail.com,087752062218,Islam,"Jl. Pahlawan No.11, RT 04/RW 03, Metro, Lampung",Laki-laki,"Metro, 21/01/2005",2024,SMA Swasta 23 Metro
CM000183,5224367964,5203001429401024,Bella Salim,bella.salim9698@gmail.com,088193727815,Islam,"Jl. Ahmad Yani No.113, RT 09/RW 03, Sumbawa, Nusa Tenggara Barat",Perempuan,"Sumbawa, 05/05/2008",2025,SMK Negeri 18 Sumbawa
CM000184,4750942982,3277579489653238,Sigit Permana,sigit.permana9424@gmail.com,085392601580,Islam,"Jl. Raya Utama No.176, RT 19/RW 06, Cimahi, Jawa Barat",Laki-laki,"Cimahi, 10/09/2006",2025,SMA Swasta 2 Cimahi
CM000185,7710858825,1172964623774157,Maulana Mulyadi,maulana.mulyadi9682@gmail.com,083194194544,Islam,"Jl. Pahlawan No.84, RT 15/RW 04, Lhokseumawe, Aceh",Laki-laki,"Lhokseumawe, 06/10/2005",2024,SMA Negeri Hasanuddin Lhokseumawe
CM000186,5580467738,3171387166843380,Willy Lubis,willy.lubis1249@gmail.com,081475587967,Islam,"Jl. Ahmad Yani No.11, RT 06/RW 09, Jakarta Pusat, DKI Jakarta",Laki-laki,"Jakarta Pusat, 03/06/2004",2022,MA Negeri Diponegoro Jakarta Pusat
CM000187,5802826752,3171715266336416,Budi Wahyudi,budi.wahyudi551@gmail.com,081907450661,Islam,"Jl. Imam Bonjol No.42, RT 18/RW 06, Jakarta Pusat, DKI Jakarta",Laki-laki,"Jakarta Pusat, 17/08/2003",2022,SMA Negeri 24 Jakarta Pusat
CM000188,7121284020,1801699203062005,Irwan Azzahra,irwan.azzahra2801@gmail.com,085735704656,Islam,"Jl. Merdeka No.141, RT 09/RW 02, Lampung Selatan, Lampung",Laki-laki,"Lampung Selatan, 11/03/2008",2025,MA Swasta 11 Lampung Selatan
CM000189,2641963768,3173474343615223,Kevin Iskandar,kevin.iskandar3153@gmail.com,082138242144,Islam,"Jl. Veteran No.20, RT 11/RW 07, Jakarta Barat, DKI Jakarta",Laki-laki,"Jakarta Barat, 05/08/2007",2024,SMK Negeri Nusantara Jakarta Barat
CM000190,9951013466,3172370824752129,Cinta Mahendra,cinta.mahendra2701@gmail.com,087834870451,Islam,"Jl. Sultan Agung No.146, RT 07/RW 09, Jakarta Utara, DKI Jakarta",Perempuan,"Jakarta Utara, 20/08/2007",2025,SMA Negeri Islam Terpadu Jakarta Utara
CM000191,7280835406,1374955929108525,Yuni Situmorang,yuni.situmorang5968@gmail.com,082154571230,Islam,"Jl. Hayam Wuruk No.114, RT 20/RW 05, Payakumbuh, Sumatera Barat",Perempuan,"Payakumbuh, 04/12/2008",2025,SMK Negeri Al-Azhar Payakumbuh
CM000192,1695238026,6474448170768645,Galuh Ramadhani,galuh.ramadhani1932@gmail.com,082293950952,Islam,"Jl. MT. Haryono No.77, RT 10/RW 02, Bontang, Kalimantan Timur",Perempuan,"Bontang, 28/07/2003",2022,SMAN Plus Bontang
CM000193,2697246960,3274419446824601,Bagas Santoso,bagas.santoso3290@gmail.com,085594049642,Islam,"Jl. Teuku Umar No.7, RT 13/RW 02, Cirebon, Jawa Barat",Laki-laki,"Cirebon, 03/10/2008",2025,SMK Swasta Gajah Mada Cirebon
CM000194,5389522800,3202483340047241,Galih Ramadhan,galih.ramadhan5252@gmail.com,083100209426,Islam,"Jl. Sudirman No.200, RT 02/RW 10, Sukabumi, Jawa Barat",Laki-laki,"Sukabumi, 08/04/2007",2024,MAN Terpadu Sukabumi
CM000195,3469384698,6474903489240869,Irfan Azzahra,irfan.azzahra1920@gmail.com,089641383889,Islam,"Jl. Sultan Agung No.195, RT 15/RW 07, Bontang, Kalimantan Timur",Laki-laki,"Bontang, 21/09/2004",2023,SMK Negeri Al-Azhar Bontang
CM000196,3432600734,3574612807813888,Kevin Rasyid,kevin.rasyid4744@gmail.com,085358689019,Buddha,"Jl. Soekarno Hatta No.68, RT 02/RW 10, Probolinggo, Jawa Timur",Laki-laki,"Probolinggo, 15/12/2007",2024,MA Negeri Muhammadiyah Probolinggo
CM000197,3056619161,1174135206256413,Ayu Kusuma,ayu.kusuma7543@gmail.com,083871123785,Islam,"Jl. Soekarno Hatta No.111, RT 11/RW 01, Langsa, Aceh",Perempuan,"Langsa, 15/01/2006",2024,MAN Kartini Langsa
CM000198,0178730856,1273894996637098,Citra Lubis,citra.lubis3317@gmail.com,081114573256,Islam,"Jl. Imam Bonjol No.196, RT 19/RW 08, Binjai, Sumatera Utara",Perempuan,"Binjai, 12/10/2005",2024,MA Swasta 20 Binjai
CM000199,3046099609,8171878592729780,Pandu Hutapea,pandu.hutapea6315@gmail.com,085748755262,Islam,"Jl. Raya Utama No.45, RT 01/RW 04, Ambon, Maluku",Laki-laki,"Ambon, 20/01/2005",2023,SMKN 18 Ambon
CM000200,6890860988,7371532984491227,Oscar Safitri,oscar.safitri2248@gmail.com,089759859710,Islam,"Jl. Raya Utama No.53, RT 09/RW 09, Makassar, Sulawesi Selatan",Laki-laki,"Makassar, 28/05/2007",2024,MA Swasta Muhammadiyah Makassar
CM000201,4192982695,1472454048045807,Udin Gunawan,udin.gunawan9793@gmail.com,081795142416,Kristen,"Jl. Gatot Subroto No.61, RT 15/RW 09, Dumai, Riau",Laki-laki,"Dumai, 24/02/2005",2024,SMA Negeri 14 Dumai
CM000202,5485868884,7174736044027619,Sigit Siregar,sigit.siregar6061@gmail.com,081528606839,Islam,"Jl. Soekarno Hatta No.93, RT 11/RW 10, Kotamobagu, Sulawesi Utara",Laki-laki,"Kotamobagu, 22/05/2004",2023,SMK Swasta 8 Kotamobagu
CM000203,8689768769,1471838226856901,Widya Wardana,widya.wardana9518@gmail.com,087731380324,Islam,"Jl. Panglima Besar No.56, RT 20/RW 04, Pekanbaru, Riau",Perempuan,"Pekanbaru, 16/03/2003",2022,SMK Swasta Al-Azhar Pekanbaru
CM000204,6170394533,1872046371687373,Wawan Adiputra,wawan.adiputra8078@gmail.com,089894857247,Kristen,"Jl. Panglima Besar No.147, RT 08/RW 03, Metro, Lampung",Laki-laki,"Metro, 28/08/2006",2024,MAN Gajah Mada Metro
CM000205,0599947499,3374033736703063,Ummu Maulana,ummu.maulana4176@gmail.com,081472644255,Islam,"Jl. Cut Nyak Dien No.190, RT 05/RW 07, Semarang, Jawa Tengah",Perempuan,"Semarang, 12/05/2007",2024,SMA Negeri 22 Semarang
CM000206,5411095786,1273462278493385,Putri Mahendra,putri.mahendra7372@gmail.com,089955927773,Katolik,"Jl. Merdeka No.4, RT 14/RW 09, Binjai, Sumatera Utara",Perempuan,"Binjai, 17/03/2007",2024,MA Swasta Gajah Mada Binjai
CM000207,8131806091,3672083275413147,Lina Nuraini,lina.nuraini9064@gmail.com,081370718557,Katolik,"Jl. Imam Bonjol No.187, RT 04/RW 05, Cilegon, Banten",Perempuan,"Cilegon, 17/05/2008",2025,SMA Swasta 19 Cilegon
CM000208,2771366092,3509877797718348,Putri Yulianto,putri.yulianto5737@gmail.com,089600972839,Islam,"Jl. Veteran No.20, RT 08/RW 06, Jember, Jawa Timur",Perempuan,"Jember, 22/10/2004",2023,MA Swasta Plus Jember
CM000209,6698507982,7308497340915029,Hadi Hasan,hadi.hasan8490@gmail.com,087717043409,Islam,"Jl. Teuku Umar No.68, RT 19/RW 05, Bone, Sulawesi Selatan",Laki-laki,"Bone, 14/01/2006",2025,SMK Swasta Nusantara Bone
CM000210,8731516252,1401274417859482,Indah Santoso,indah.santoso531@gmail.com,083847125660,Islam,"Jl. MT. Haryono No.67, RT 04/RW 03, Kampar, Riau",Perempuan,"Kampar, 02/02/2005",2024,MA Negeri Diponegoro Kampar
CM000211,0469174719,3672750959709978,Tari Iskandar,tari.iskandar8336@gmail.com,081958131599,Islam,"Jl. Gatot Subroto No.30, RT 19/RW 01, Cilegon, Banten",Perempuan,"Cilegon, 12/02/2006",2025,SMA Swasta Budi Utomo Cilegon
CM000212,5214756448,5271283834786372,Bayu Halim,bayu.halim3114@gmail.com,081174816870,Islam,"Jl. Raya Utama No.158, RT 15/RW 09, Mataram, Nusa Tenggara Barat",Laki-laki,"Mataram, 02/02/2005",2024,SMA Negeri 11 Mataram
CM000213,0659079471,3175154093428960,Willy Andriani,willy.andriani2947@gmail.com,085325423794,Islam,"Jl. Tentara Pelajar No.176, RT 10/RW 04, Jakarta Timur, DKI Jakarta",Laki-laki,"Jakarta Timur, 17/11/2004",2022,SMK Swasta Ahmad Dahlan Jakarta Timur
CM000214,8416608142,1273257161749592,Danang Setiawan,danang.setiawan2066@gmail.com,087850151432,Islam,"Jl. Sisingamangaraja No.168, RT 08/RW 09, Binjai, Sumatera Utara",Laki-laki,"Binjai, 07/07/2006",2025,SMKN 5 Binjai
CM000215,1436445662,3276344592790760,Zara Nuraini,zara.nuraini2114@gmail.com,081591523796,Islam,"Jl. Soekarno Hatta No.187, RT 07/RW 01, Depok, Jawa Barat",Perempuan,"Depok, 03/03/2006",2023,MAN Harapan Bangsa Depok
CM000216,9159288875,3673204870075423,Sandi Wibowo,sandi.wibowo958@gmail.com,089785546904,Islam,"Jl. Veteran No.4, RT 18/RW 06, Serang, Banten",Laki-laki,"Serang, 24/11/2005",2023,MA Negeri 20 Serang
CM000217,8760061417,8171875778114954,Wulan Mulyadi,wulan.mulyadi9373@gmail.com,085220764504,Islam,"Jl. Teuku Umar No.193, RT 09/RW 04, Ambon, Maluku",Perempuan,"Ambon, 04/12/2007",2024,SMK Swasta 8 Ambon
CM000218,0858188292,3672174055474063,Olivia Putranto,olivia.putranto2251@gmail.com,081328275629,Islam,"Jl. RE. Martadinata No.85, RT 10/RW 02, Cilegon, Banten",Perempuan,"Cilegon, 12/09/2007",2025,MA Negeri Insan Kamil Cilegon
CM000219,5295243690,8101746945456968,Budi Wahyuningsih,budi.wahyuningsih9605@gmail.com,085588722517,Islam,"Jl. Soekarno Hatta No.117, RT 07/RW 02, Maluku Tengah, Maluku",Laki-laki,"Maluku Tengah, 25/08/2005",2022,SMK Swasta 15 Maluku Tengah
CM000220,0611600047,5201404948159126,Nanda Wardana,nanda.wardana3015@gmail.com,085802179258,Islam,"Jl. RE. Martadinata No.31, RT 15/RW 04, Lombok Barat, Nusa Tenggara Barat",Laki-laki,"Lombok Barat, 23/07/2007",2024,SMA Negeri Unggulan Lombok Barat
CM000221,0773345736,7371408699369639,Lutfi Fitriani,lutfi.fitriani4707@gmail.com,082378082210,Islam,"Jl. Brigjen Katamso No.159, RT 18/RW 05, Makassar, Sulawesi Selatan",Laki-laki,"Makassar, 06/07/2007",2025,SMK Swasta Muhammadiyah Makassar
CM000222,5907281763,7306300358676267,Clara Ramadhani,clara.ramadhani3149@gmail.com,085579717521,Kristen,"Jl. Ahmad Yani No.41, RT 19/RW 09, Gowa, Sulawesi Selatan",Perempuan,"Gowa, 12/07/2006",2025,MA Negeri Budi Utomo Gowa
CM000223,4263237713,8171984728068949,Leo Kusuma,leo.kusuma8918@gmail.com,081283277113,Islam,"Jl. Imam Bonjol No.171, RT 18/RW 10, Ambon, Maluku",Laki-laki,"Ambon, 27/05/2006",2024,SMK Negeri Plus Ambon
CM000224,6933384198,1274436117529707,Salsa Oktavia,salsa.oktavia6962@gmail.com,085288108801,Islam,"Jl. Veteran No.151, RT 12/RW 04, Tebing Tinggi, Sumatera Utara",Perempuan,"Tebing Tinggi, 16/09/2006",2023,SMA Negeri Budi Utomo Tebing Tinggi
CM000225,9672593094,9407766188354565,Arif Ramadhan,arif.ramadhan7790@gmail.com,089614294299,Islam,"Jl. Sisingamangaraja No.128, RT 16/RW 04, Mimika, Papua",Laki-laki,"Mimika, 04/04/2007",2025,SMK Swasta 4 Mimika
CM000226,7270005029,7173045204237392,Lestari Nasution,lestari.nasution1286@gmail.com,089933662478,Islam,"Jl. Brigjen Katamso No.146, RT 11/RW 06, Tomohon, Sulawesi Utara",Perempuan,"Tomohon, 10/10/2006",2024,SMA Negeri Harapan Bangsa Tomohon
CM000227,4635967358,3274231509823614,Zelda Adiputra,zelda.adiputra6733@gmail.com,088213898307,Islam,"Jl. Hayam Wuruk No.146, RT 20/RW 08, Cirebon, Jawa Barat",Perempuan,"Cirebon, 12/08/2006",2025,MA Negeri Hasanuddin Cirebon
CM000228,5592281949,9407281151031234,Hani Putranto,hani.putranto6186@gmail.com,081415258390,Islam,"Jl. Sultan Agung No.197, RT 06/RW 02, Mimika, Papua",Perempuan,"Mimika, 16/12/2003",2022,SMKN Harapan Bangsa Mimika
CM000229,0414181183,8172832308627661,Andika Rasyid,andika.rasyid7370@gmail.com,089899232610,Islam,"Jl. Diponegoro No.60, RT 14/RW 07, Tual, Maluku",Laki-laki,"Tual, 19/02/2006",2020,SMA Swasta Kartini Tual
CM000230,9521161334,5201724104058865,Oscar Setiawan,oscar.setiawan2023@gmail.com,081772917285,Islam,"Jl. Diponegoro No.158, RT 12/RW 03, Lombok Barat, Nusa Tenggara Barat",Laki-laki,"Lombok Barat, 14/06/2007",2024,SMKN 4 Lombok Barat
CM000231,5163419114,3202497049493489,Hana Gunawan,hana.gunawan3379@gmail.com,081491481531,Islam,"Jl. Teuku Umar No.88, RT 03/RW 07, Sukabumi, Jawa Barat",Perempuan,"Sukabumi, 09/06/2008",2025,MA Swasta Plus Sukabumi
CM000232,9383129961,1174943438240135,Sari Firmansyah,sari.firmansyah2798@gmail.com,081127951436,Islam,"Jl. MT. Haryono No.11, RT 16/RW 06, Langsa, Aceh",Perempuan,"Langsa, 19/03/2006",2025,SMA Swasta Muhammadiyah Langsa
CM000233,2215698229,1174274346740628,Wahyu Hermawan,wahyu.hermawan2277@gmail.com,081491104595,Islam,"Jl. RE. Martadinata No.131, RT 15/RW 03, Langsa, Aceh",Laki-laki,"Langsa, 24/07/2007",2025,SMAN 20 Langsa
CM000234,8907082969,1272189029740264,Bayu Suryadi,bayu.suryadi6367@gmail.com,085746072019,Katolik,"Jl. Cut Nyak Dien No.107, RT 13/RW 10, Pematangsiantar, Sumatera Utara",Laki-laki,"Pematangsiantar, 04/09/2004",2023,MA Swasta Kartini Pematangsiantar
CM000235,2251925328,1271691905601141,Oscar Budiman,oscar.budiman7262@gmail.com,083889834248,Islam,"Jl. Sultan Agung No.90, RT 18/RW 10, Sibolga, Sumatera Utara",Laki-laki,"Sibolga, 06/09/2007",2024,MAN 9 Sibolga
CM000236,2727887324,1271935021338049,Cantika Permana,cantika.permana5791@gmail.com,082193665455,Islam,"Jl. Merdeka No.74, RT 07/RW 05, Sibolga, Sumatera Utara",Perempuan,"Sibolga, 19/02/2006",2024,SMA Swasta 3 Sibolga
CM000237,7019299641,6472846656571831,Priska Kurniawan,priska.kurniawan5466@gmail.com,083848115102,Islam,"Jl. RE. Martadinata No.170, RT 08/RW 03, Balikpapan, Kalimantan Timur",Perempuan,"Balikpapan, 24/06/2005",2023,SMK Negeri Pembangunan Balikpapan
CM000238,2848375256,7306649464534213,Nita Suharto,nita.suharto1179@gmail.com,085243200138,Islam,"Jl. Gatot Subroto No.89, RT 10/RW 04, Gowa, Sulawesi Selatan",Perempuan,"Gowa, 04/09/2006",2023,SMK Swasta 9 Gowa
CM000239,0324536306,3572634079488432,Julio Suryadi,julio.suryadi1867@gmail.com,085546086148,Islam,"Jl. Merdeka No.23, RT 20/RW 10, Blitar, Jawa Timur",Laki-laki,"Blitar, 10/06/2005",2024,SMAN 24 Blitar
CM000240,6815384452,1271346798535061,Clara Lubis,clara.lubis3881@gmail.com,085605120085,Islam,"Jl. Veteran No.65, RT 09/RW 08, Sibolga, Sumatera Utara",Perempuan,"Sibolga, 01/09/2004",2022,SMKN Hasanuddin Sibolga
CM000241,2704867186,1173227528325161,Tiara Oktavia,tiara.oktavia6207@gmail.com,081466060202,Islam,"Jl. Sultan Agung No.8, RT 19/RW 06, Sabang, Aceh",Perempuan,"Sabang, 05/03/2008",2025,MAN 17 Sabang
CM000242,3895192083,3202680312138337,Maya Ibrahim,maya.ibrahim6344@gmail.com,081885276623,Islam,"Jl. Pahlawan No.5, RT 03/RW 09, Sukabumi, Jawa Barat",Perempuan,"Sukabumi, 24/06/2003",2022,SMA Swasta 21 Sukabumi
CM000243,1585918484,6402181009660125,Willy Azzahra,willy.azzahra5326@gmail.com,082381031809,Islam,"Jl. Brigjen Katamso No.85, RT 15/RW 01, Kutai Kartanegara, Kalimantan Timur",Laki-laki,"Kutai Kartanegara, 18/11/2006",2023,SMA Swasta Terpadu Kutai Kartanegara
CM000244,0450026552,7173755034643019,Nita Ibrahim,nita.ibrahim9916@gmail.com,085667704521,Islam,"Jl. Gatot Subroto No.104, RT 09/RW 01, Tomohon, Sulawesi Utara",Perempuan,"Tomohon, 23/12/2007",2025,MAN 14 Tomohon
CM000245,1092046158,5104646778680016,Ilham Wahyudi,ilham.wahyudi8103@gmail.com,081319892971,Islam,"Jl. Panglima Besar No.50, RT 04/RW 03, Gianyar, Bali",Laki-laki,"Gianyar, 02/09/2007",2025,SMA Swasta Pancasila Gianyar
CM000246,2912804884,7371859720533991,Putra Mahendra,putra.mahendra2143@gmail.com,081496474736,Kristen,"Jl. Soekarno Hatta No.8, RT 08/RW 03, Makassar, Sulawesi Selatan",Laki-laki,"Makassar, 27/09/2006",2023,SMA Swasta 13 Makassar
CM000247,4649976162,1372666662449472,Tri Prasetyo,tri.prasetyo8297@gmail.com,089684898472,Islam,"Jl. Sudirman No.4, RT 03/RW 06, Bukittinggi, Sumatera Barat",Laki-laki,"Bukittinggi, 08/06/2006",2023,SMK Negeri Harapan Bangsa Bukittinggi
CM000248,3055952246,3172207380462429,Vino Ramadhan,vino.ramadhan9574@gmail.com,082362000454,Islam,"Jl. Teuku Umar No.200, RT 04/RW 02, Jakarta Utara, DKI Jakarta",Laki-laki,"Jakarta Utara, 19/02/2006",2023,MA Negeri Harapan Bangsa Jakarta Utara
CM000249,8545112398,1372556502185113,Nurul Pratama,nurul.pratama6580@gmail.com,087814454334,Islam,"Jl. Merdeka No.77, RT 02/RW 09, Bukittinggi, Sumatera Barat",Laki-laki,"Bukittinggi, 13/12/2004",2022,MA Swasta Diponegoro Bukittinggi
CM000250,6736790830,6402023288386741,Cahyo Lestari,cahyo.lestari9599@gmail.com,081627860760,Islam,"Jl. Panglima Besar No.86, RT 19/RW 09, Kutai Kartanegara, Kalimantan Timur",Laki-laki,"Kutai Kartanegara, 21/01/2004",2022,SMK Swasta Plus Kutai Kartanegara
CM000251,6251067803,1172352550915050,Guntur Gunawan,guntur.gunawan7395@gmail.com,085773627835,Islam,"Jl. Panglima Besar No.103, RT 08/RW 02, Lhokseumawe, Aceh",Laki-laki,"Lhokseumawe, 14/07/2007",2020,SMK Swasta Nusantara Lhokseumawe
CM000252,3927237965,1172599179088765,Viola Ramadhani,viola.ramadhani9500@gmail.com,085796544233,Islam,"Jl. Pahlawan No.19, RT 18/RW 06, Lhokseumawe, Aceh",Perempuan,"Lhokseumawe, 27/04/2008",2025,SMK Swasta 11 Lhokseumawe
CM000253,7882466805,7171064628972389,Dedy Pamungkas,dedy.pamungkas450@gmail.com,088278937415,Islam,"Jl. Hayam Wuruk No.129, RT 09/RW 02, Manado, Sulawesi Utara",Laki-laki,"Manado, 02/08/2005",2023,SMK Swasta 24 Manado
CM000254,1476446567,1271650994884297,Widya Wijaya,widya.wijaya4328@gmail.com,089618534932,Islam,"Jl. Ahmad Yani No.78, RT 11/RW 04, Sibolga, Sumatera Utara",Perempuan,"Sibolga, 10/11/2004",2023,SMA Swasta Diponegoro Sibolga
CM000255,7199694821,1471915047963886,Dedy Suharto,dedy.suharto1866@gmail.com,081755192721,Islam,"Jl. Diponegoro No.149, RT 15/RW 07, Pekanbaru, Riau",Laki-laki,"Pekanbaru, 14/11/2007",2025,SMKN Al-Azhar Pekanbaru
CM000256,4361093948,3571172967903368,Vivi Rahayu,vivi.rahayu4973@gmail.com,081886835186,Islam,"Jl. Pahlawan No.81, RT 11/RW 05, Kediri, Jawa Timur",Perempuan,"Kediri, 22/05/2006",2025,SMK Swasta Insan Kamil Kediri
CM000257,1436760172,7173367931660882,Umar Handayani,umar.handayani7655@gmail.com,088207403087,Islam,"Jl. Pahlawan No.19, RT 03/RW 04, Tomohon, Sulawesi Utara",Laki-laki,"Tomohon, 10/02/2005",2024,SMAN Hasanuddin Tomohon
CM000258,4778666539,1371507608914079,Dani Soetomo,dani.soetomo6992@gmail.com,089842143194,Islam,"Jl. MT. Haryono No.182, RT 03/RW 03, Padang, Sumatera Barat",Laki-laki,"Padang, 20/02/2006",2025,MA Swasta 14 Padang
CM000259,6014217010,3172846638276188,Okta Purnomo,okta.purnomo3241@gmail.com,089727109095,Islam,"Jl. Teuku Umar No.12, RT 02/RW 02, Jakarta Utara, DKI Jakarta",Perempuan,"Jakarta Utara, 08/09/2008",2025,SMA Negeri Islam Terpadu Jakarta Utara
CM000260,4774856933,1401798183748898,Irwan Maulana,irwan.maulana752@gmail.com,089982800434,Buddha,"Jl. Pahlawan No.168, RT 10/RW 09, Kampar, Riau",Laki-laki,"Kampar, 10/01/2006",2024,MAN 3 Kampar
CM000261,7627245840,8171717915693109,Sandi Ibrahim,sandi.ibrahim4951@gmail.com,085738776969,Islam,"Jl. Sisingamangaraja No.184, RT 13/RW 01, Ambon, Maluku",Laki-laki,"Ambon, 09/09/2008",2025,SMK Swasta 12 Ambon
CM000262,0967668431,3471906654536302,Jihan Manurung,jihan.manurung6433@gmail.com,082148755404,Islam,"Jl. Hayam Wuruk No.184, RT 03/RW 02, Yogyakarta, DI Yogyakarta",Perempuan,"Yogyakarta, 26/09/2006",2024,SMKN 15 Yogyakarta
CM000263,0934238174,1172484825171607,Nabila Maulana,nabila.maulana895@gmail.com,088117024257,Islam,"Jl. Sultan Agung No.41, RT 17/RW 02, Lhokseumawe, Aceh",Perempuan,"Lhokseumawe, 04/01/2006",2025,SMAN 25 Lhokseumawe
CM000264,7964761919,1401981042618560,Fika Ibrahim,fika.ibrahim3775@gmail.com,088293965930,Islam,"Jl. Cut Nyak Dien No.91, RT 05/RW 06, Kampar, Riau",Perempuan,"Kampar, 18/11/2004",2023,MA Negeri Nusantara Kampar
CM000265,9589701965,6471179499878190,Anggun Nugroho,anggun.nugroho4675@gmail.com,083113600269,Islam,"Jl. Sisingamangaraja No.171, RT 11/RW 06, Samarinda, Kalimantan Timur",Perempuan,"Samarinda, 22/06/2004",2023,SMK Swasta Ahmad Dahlan Samarinda
CM000266,2082449847,1872057194842395,Putra Susanto,putra.susanto958@gmail.com,081397051860,Islam,"Jl. Merdeka No.63, RT 18/RW 01, Metro, Lampung",Laki-laki,"Metro, 25/11/2005",2024,SMA Swasta Al-Azhar Metro
CM000267,5004436336,1273950228482008,Dwi Sinaga,dwi.sinaga8293@gmail.com,088252490649,Islam,"Jl. Hayam Wuruk No.107, RT 11/RW 09, Binjai, Sumatera Utara",Laki-laki,"Binjai, 21/04/2007",2025,SMKN 20 Binjai
CM000268,3733328909,7171089068743133,Arya Hutapea,arya.hutapea6170@gmail.com,089747630662,Islam,"Jl. Sudirman No.6, RT 18/RW 08, Manado, Sulawesi Utara",Laki-laki,"Manado, 26/06/2005",2024,SMAN 25 Manado
CM000269,7034023232,1274785593844590,Nurul Ramadhan,nurul.ramadhan9855@gmail.com,089569195366,Islam,"Jl. Veteran No.191, RT 15/RW 07, Tebing Tinggi, Sumatera Utara",Perempuan,"Tebing Tinggi, 02/11/2005",2024,MAN 18 Tebing Tinggi
CM000270,3993725111,3509138396136010,Lukman Sulistyowati,lukman.sulistyowati3034@gmail.com,085650196695,Kristen,"Jl. Pemuda No.21, RT 15/RW 01, Jember, Jawa Timur",Laki-laki,"Jember, 14/03/2004",2023,SMK Swasta Diponegoro Jember
CM000271,7193479311,1871417215941350,Bayu Hasan,bayu.hasan6645@gmail.com,082321764580,Islam,"Jl. Sudirman No.188, RT 11/RW 10, Bandar Lampung, Lampung",Laki-laki,"Bandar Lampung, 12/09/2005",2023,MAN Muhammadiyah Bandar Lampung
CM000272,1097931798,3277680817377762,Bhanu Kurniawan,bhanu.kurniawan6732@gmail.com,085381469149,Islam,"Jl. Diponegoro No.147, RT 16/RW 09, Cimahi, Jawa Barat",Laki-laki,"Cimahi, 24/09/2006",2023,SMAN Harapan Bangsa Cimahi
CM000273,4300193189,3573083543125182,Erwin Iskandar,erwin.iskandar4209@gmail.com,082241021756,Islam,"Jl. Imam Bonjol No.79, RT 19/RW 08, Malang, Jawa Timur",Laki-laki,"Malang, 05/11/2007",2024,MA Negeri 8 Malang
CM000274,9233491163,1871414422209753,Sari Hermawan,sari.hermawan4182@gmail.com,085692492919,Islam,"Jl. Pemuda No.100, RT 20/RW 01, Bandar Lampung, Lampung",Perempuan,"Bandar Lampung, 26/12/2006",2024,SMK Swasta Cendekia Bandar Lampung
CM000275,3546157961,8172001248522739,Gracia Suryadi,gracia.suryadi5338@gmail.com,081828482047,Islam,"Jl. Hayam Wuruk No.136, RT 08/RW 07, Tual, Maluku",Perempuan,"Tual, 06/07/2005",2023,MA Negeri 5 Tual
CM000276,8557430227,1375945303797094,Mirza Salim,mirza.salim3460@gmail.com,088292436434,Islam,"Jl. Pemuda No.61, RT 13/RW 03, Pariaman, Sumatera Barat",Laki-laki,"Pariaman, 23/03/2006",2023,SMAN 10 Pariaman
CM000277,5689770146,1402196242964118,Endah Wardana,endah.wardana7356@gmail.com,089589176441,Islam,"Jl. Pahlawan No.182, RT 18/RW 10, Bengkalis, Riau",Perempuan,"Bengkalis, 08/02/2007",2025,MAN Gajah Mada Bengkalis
CM000278,2754738291,3402319374608985,Berlian Oktaviani,berlian.oktaviani1276@gmail.com,081236855984,Islam,"Jl. Ahmad Yani No.194, RT 17/RW 05, Bantul, DI Yogyakarta",Perempuan,"Bantul, 27/07/2007",2025,MAN 21 Bantul
CM000279,7626438077,9471370924605296,Mirza Adiputra,mirza.adiputra1781@gmail.com,089511046752,Islam,"Jl. Hayam Wuruk No.111, RT 09/RW 03, Jayapura, Papua",Laki-laki,"Jayapura, 13/05/2007",2024,SMA Swasta Plus Jayapura
CM000280,0985800236,8171436786249316,Julia Ramadhani,julia.ramadhani6296@gmail.com,089861697344,Islam,"Jl. MT. Haryono No.102, RT 16/RW 06, Ambon, Maluku",Perempuan,"Ambon, 18/12/2005",2023,SMK Negeri 23 Ambon
CM000281,7443592317,6472273933024701,Kevin Budiman,kevin.budiman8573@gmail.com,085872954022,Islam,"Jl. Raya Utama No.29, RT 04/RW 03, Balikpapan, Kalimantan Timur",Laki-laki,"Balikpapan, 01/01/2008",2025,MA Negeri 6 Balikpapan
CM000282,3550483665,3672262143930230,Hana Oktaviani,hana.oktaviani6377@gmail.com,083143488370,Islam,"Jl. Hayam Wuruk No.15, RT 05/RW 01, Cilegon, Banten",Perempuan,"Cilegon, 02/06/2004",2020,MAN 5 Cilegon
CM000283,6177893061,8101028260913839,Bayu Situmorang,bayu.situmorang3386@gmail.com,085804206547,Islam,"Jl. Ahmad Yani No.107, RT 18/RW 02, Maluku Tengah, Maluku",Laki-laki,"Maluku Tengah, 15/11/2007",2024,SMK Swasta 5 Maluku Tengah
CM000284,6152474871,7371367779032843,Mirza Pamungkas,mirza.pamungkas9895@gmail.com,085587190426,Islam,"Jl. Teuku Umar No.164, RT 10/RW 06, Makassar, Sulawesi Selatan",Laki-laki,"Makassar, 20/08/2006",2024,SMA Negeri Pembangunan Makassar
CM000285,1784898759,1273235288356415,Dewi Hermawan,dewi.hermawan3609@gmail.com,082346657202,Islam,"Jl. Ahmad Yani No.54, RT 04/RW 05, Binjai, Sumatera Utara",Perempuan,"Binjai, 09/05/2008",2025,SMKN Harapan Bangsa Binjai
CM000286,4675157504,1172893400354594,Viola Nasution,viola.nasution9786@gmail.com,085264331562,Islam,"Jl. Cut Nyak Dien No.112, RT 07/RW 03, Lhokseumawe, Aceh",Perempuan,"Lhokseumawe, 22/04/2005",2023,MA Negeri Kartini Lhokseumawe
CM000287,9851446793,6474943378283968,Vivi Soetomo,vivi.soetomo3512@gmail.com,085226338056,Islam,"Jl. Tentara Pelajar No.64, RT 14/RW 02, Bontang, Kalimantan Timur",Perempuan,"Bontang, 10/08/2006",2024,SMA Swasta Nusantara Bontang
CM000288,0095653824,3674026574075479,Sigit Puspitasari,sigit.puspitasari5618@gmail.com,085549632029,Islam,"Jl. Raya Utama No.136, RT 09/RW 02, Tangerang Selatan, Banten",Laki-laki,"Tangerang Selatan, 02/01/2007",2024,SMAN 22 Tangerang Selatan
CM000289,3944240788,7171238903071076,Nanda Kusuma,nanda.kusuma7074@gmail.com,081518691146,Islam,"Jl. Brigjen Katamso No.117, RT 01/RW 02, Manado, Sulawesi Utara",Laki-laki,"Manado, 18/01/2006",2025,SMA Negeri 11 Manado
CM000290,8461072875,5272236307320998,Denny Manurung,denny.manurung4605@gmail.com,081661548824,Islam,"Jl. Pahlawan No.38, RT 02/RW 08, Bima, Nusa Tenggara Barat",Laki-laki,"Bima, 24/06/2006",2023,MAN Harapan Bangsa Bima
CM000291,4633133980,1174655209363478,Melati Wahyuningsih,melati.wahyuningsih3970@gmail.com,083828302681,Islam,"Jl. Veteran No.122, RT 10/RW 05, Langsa, Aceh",Perempuan,"Langsa, 26/11/2006",2023,SMA Negeri 3 Langsa
CM000292,9850353521,3376386275936168,Aldi Budiman,aldi.budiman311@gmail.com,088277531118,Islam,"Jl. Brigjen Katamso No.37, RT 09/RW 07, Tegal, Jawa Tengah",Laki-laki,"Tegal, 14/07/2005",2024,SMK Negeri 10 Tegal
CM000293,4510613414,1375405133098629,Kukuh Kurniasih,kukuh.kurniasih6462@gmail.com,081169454914,Islam,"Jl. Hayam Wuruk No.8, RT 05/RW 02, Pariaman, Sumatera Barat",Laki-laki,"Pariaman, 02/07/2006",2023,MAN Plus Pariaman
CM000294,9058513759,5272744353744388,Julia Firmansyah,julia.firmansyah936@gmail.com,083104565781,Islam,"Jl. Teuku Umar No.48, RT 11/RW 07, Bima, Nusa Tenggara Barat",Perempuan,"Bima, 20/08/2005",2024,SMKN 11 Bima
CM000295,0058647414,1173231057462434,Wawan Rahayu,wawan.rahayu3729@gmail.com,081790038821,Hindu,"Jl. Raya Utama No.50, RT 02/RW 03, Sabang, Aceh",Laki-laki,"Sabang, 02/11/2005",2024,MAN Kartini Sabang
CM000296,2204998724,1373517144265851,Ahmad Firmansyah,ahmad.firmansyah2428@gmail.com,081791713596,Islam,"Jl. Gatot Subroto No.180, RT 17/RW 10, Solok, Sumatera Barat",Laki-laki,"Solok, 19/02/2005",2023,SMA Swasta 19 Solok
CM000297,2898483407,1275424259165889,Citra Permana,citra.permana6926@gmail.com,081931439145,Islam,"Jl. Soekarno Hatta No.72, RT 07/RW 10, Medan, Sumatera Utara",Perempuan,"Medan, 10/06/2005",2024,SMA Swasta 24 Medan
CM000298,0525980221,3171148686000852,Sinta Yulianto,sinta.yulianto8287@gmail.com,088276941871,Islam,"Jl. Soekarno Hatta No.139, RT 06/RW 05, Jakarta Pusat, DKI Jakarta",Perempuan,"Jakarta Pusat, 19/06/2006",2023,SMK Swasta 13 Jakarta Pusat
CM000299,7631841566,1872914500859473,Yoga Hermawan,yoga.hermawan7584@gmail.com,081919482740,Islam,"Jl. Soekarno Hatta No.1, RT 15/RW 10, Metro, Lampung",Laki-laki,"Metro, 12/03/2005",2023,SMKN Ahmad Dahlan Metro
CM000300,0793061219,5201334244839336,Annisa Ramadhan,annisa.ramadhan4660@gmail.com,085677913068,Islam,"Jl. Sisingamangaraja No.5, RT 01/RW 07, Lombok Barat, Nusa Tenggara Barat",Perempuan,"Lombok Barat, 13/12/2007",2025,SMA Negeri 24 Lombok Barat
CM000301,0745720802,5272417265407485,Muhammad Wahyudi,muhammad.wahyudi2415@gmail.com,085396196507,Islam,"Jl. Panglima Besar No.16, RT 08/RW 04, Bima, Nusa Tenggara Barat",Laki-laki,"Bima, 16/08/2008",2025,SMK Negeri 16 Bima
CM000302,3355804576,5103443647091709,Sinta Susanto,sinta.susanto4331@gmail.com,081240476318,Islam,"Jl. Soekarno Hatta No.36, RT 20/RW 03, Tabanan, Bali",Perempuan,"Tabanan, 05/03/2007",2024,SMAN Unggulan Tabanan
CM000303,6376619832,8101110788905998,Nita Soetomo,nita.soetomo7219@gmail.com,085263151190,Kristen,"Jl. MT. Haryono No.32, RT 17/RW 06, Maluku Tengah, Maluku",Perempuan,"Maluku Tengah, 28/01/2005",2024,MAN 2 Maluku Tengah
CM000304,6371207107,3373958632705397,Danang Fitriani,danang.fitriani7920@gmail.com,088163364680,Islam,"Jl. Ahmad Yani No.15, RT 07/RW 10, Salatiga, Jawa Tengah",Laki-laki,"Salatiga, 05/05/2005",2023,SMA Negeri Nusantara Salatiga
CM000305,2928579636,1272367023900170,Elsa Mulyadi,elsa.mulyadi2195@gmail.com,081360218564,Islam,"Jl. MT. Haryono No.30, RT 06/RW 05, Pematangsiantar, Sumatera Utara",Perempuan,"Pematangsiantar, 05/02/2004",2022,MAN 6 Pematangsiantar
CM000306,3622672310,5102391018256111,Willy Budiman,willy.budiman7460@gmail.com,089831004499,Islam,"Jl. Tentara Pelajar No.55, RT 04/RW 03, Badung, Bali",Laki-laki,"Badung, 21/12/2006",2024,SMAN 21 Badung
CM000307,2063747994,8172704931672155,Vivi Budiman,vivi.budiman5567@gmail.com,083145456578,Islam,"Jl. Hayam Wuruk No.180, RT 06/RW 06, Tual, Maluku",Perempuan,"Tual, 27/08/2004",2022,SMAN 2 Tual
CM000308,4858336476,9471860099333013,Andika Gunawan,andika.gunawan8288@gmail.com,081342886102,Islam,"Jl. Sisingamangaraja No.200, RT 01/RW 04, Jayapura, Papua",Laki-laki,"Jayapura, 23/04/2006",2025,SMAN 12 Jayapura
CM000309,8919360192,3471636971127271,Vina Azzahra,vina.azzahra9777@gmail.com,088235510311,Islam,"Jl. MT. Haryono No.38, RT 04/RW 01, Yogyakarta, DI Yogyakarta",Perempuan,"Yogyakarta, 28/05/2005",2024,SMKN 3 Yogyakarta
CM000310,0362094706,3173988863779674,Arif Sudirman,arif.sudirman442@gmail.com,081484949341,Islam,"Jl. Soekarno Hatta No.33, RT 02/RW 07, Jakarta Barat, DKI Jakarta",Laki-laki,"Jakarta Barat, 10/08/2006",2025,SMK Negeri 1 Jakarta Barat
CM000311,0021113556,6474882908460791,Maya Purnomo,maya.purnomo2348@gmail.com,082226458755,Islam,"Jl. Gatot Subroto No.95, RT 18/RW 08, Bontang, Kalimantan Timur",Perempuan,"Bontang, 01/04/2006",2024,MAN Pancasila Bontang
CM000312,8336855433,1471712775951015,Oki Sinaga,oki.sinaga854@gmail.com,081136806657,Islam,"Jl. Diponegoro No.166, RT 09/RW 03, Pekanbaru, Riau",Laki-laki,"Pekanbaru, 09/04/2006",2025,SMAN 18 Pekanbaru
CM000313,0793789270,3202578070814177,Faisal Rahayu,faisal.rahayu9901@gmail.com,081383664978,Islam,"Jl. Sudirman No.94, RT 14/RW 01, Sukabumi, Jawa Barat",Laki-laki,"Sukabumi, 10/06/2007",2025,SMA Negeri 3 Sukabumi
CM000314,1250561789,9407263892549134,Erwin Puspitasari,erwin.puspitasari5@gmail.com,087817636022,Islam,"Jl. Teuku Umar No.76, RT 06/RW 05, Mimika, Papua",Laki-laki,"Mimika, 08/01/2006",2024,MAN 6 Mimika
CM000315,6301786583,3571882530215054,Wahyu Wijaya,wahyu.wijaya7828@gmail.com,081111752116,Islam,"Jl. Hayam Wuruk No.195, RT 12/RW 01, Kediri, Jawa Timur",Laki-laki,"Kediri, 09/06/2006",2024,SMK Swasta Unggulan Kediri
CM000316,6938845105,9471213738896845,Lutfi Pratama,lutfi.pratama5870@gmail.com,081613108868,Islam,"Jl. Panglima Besar No.93, RT 07/RW 08, Jayapura, Papua",Laki-laki,"Jayapura, 06/10/2007",2024,SMK Negeri Al-Azhar Jayapura
CM000317,9049676169,3671155569138064,Hadi Siregar,hadi.siregar5370@gmail.com,085688600512,Islam,"Jl. Teuku Umar No.68, RT 07/RW 01, Tangerang, Banten",Laki-laki,"Tangerang, 05/08/2005",2023,SMKN 5 Tangerang
CM000318,9745367400,3274809090678075,Fajar Halim,fajar.halim7888@gmail.com,081315623927,Islam,"Jl. Gatot Subroto No.105, RT 06/RW 03, Cirebon, Jawa Barat",Laki-laki,"Cirebon, 13/01/2006",2023,SMAN 4 Cirebon
CM000319,2449155360,5102547454729034,Julia Sinaga,julia.sinaga4271@gmail.com,087834607656,Islam,"Jl. Panglima Besar No.81, RT 05/RW 10, Badung, Bali",Perempuan,"Badung, 11/02/2006",2024,SMA Negeri Diponegoro Badung
CM000320,2507476720,3172377364462452,Kartika Azzahra,kartika.azzahra948@gmail.com,081953801446,Islam,"Jl. Sudirman No.185, RT 03/RW 04, Jakarta Utara, DKI Jakarta",Perempuan,"Jakarta Utara, 20/12/2006",2025,SMK Negeri Pancasila Jakarta Utara
CM000321,1602943104,8101715645825677,Maya Pamungkas,maya.pamungkas3865@gmail.com,081286921504,Islam,"Jl. Diponegoro No.164, RT 05/RW 06, Maluku Tengah, Maluku",Perempuan,"Maluku Tengah, 06/10/2005",2024,MA Negeri 18 Maluku Tengah
CM000322,1688935088,3173726340784216,Bagas Puspitasari,bagas.puspitasari5710@gmail.com,085694634379,Islam,"Jl. Tentara Pelajar No.169, RT 08/RW 06, Jakarta Barat, DKI Jakarta",Laki-laki,"Jakarta Barat, 16/04/2006",2025,SMK Swasta 16 Jakarta Barat
CM000323,5045228034,5104671908043411,Anggun Kusuma,anggun.kusuma4778@gmail.com,089766334560,Islam,"Jl. Imam Bonjol No.64, RT 10/RW 09, Gianyar, Bali",Perempuan,"Gianyar, 04/10/2006",2025,SMK Negeri Ahmad Dahlan Gianyar
CM000324,6092128270,9471445782467689,Ulfa Permana,ulfa.permana182@gmail.com,085321182607,Islam,"Jl. Sultan Agung No.154, RT 18/RW 10, Jayapura, Papua",Perempuan,"Jayapura, 11/12/2008",2025,SMK Swasta 1 Jayapura
CM000325,1478675977,3401190407724115,Denny Wibowo,denny.wibowo8278@gmail.com,082246653354,Islam,"Jl. Sisingamangaraja No.24, RT 03/RW 07, Kulon Progo, DI Yogyakarta",Laki-laki,"Kulon Progo, 23/04/2006",2023,SMK Swasta 22 Kulon Progo
CM000326,4048722869,3402942578305397,Udin Prasetyo,udin.prasetyo46@gmail.com,083138970255,Islam,"Jl. Pemuda No.95, RT 10/RW 05, Bantul, DI Yogyakarta",Laki-laki,"Bantul, 21/08/2004",2022,MA Negeri 2 Bantul
CM000327,0321247091,3173701391154622,Laras Septiani,laras.septiani3049@gmail.com,081888816409,Islam,"Jl. Veteran No.71, RT 11/RW 07, Jakarta Barat, DKI Jakarta",Perempuan,"Jakarta Barat, 02/08/2007",2025,MA Negeri 17 Jakarta Barat
CM000328,7867686935,6471283395304657,Kirana Budiman,kirana.budiman7641@gmail.com,085318848439,Islam,"Jl. Diponegoro No.55, RT 16/RW 05, Samarinda, Kalimantan Timur",Perempuan,"Samarinda, 08/03/2007",2025,SMK Negeri Sudirman Samarinda
CM000329,5921039215,1872926178559303,Ferry Anggraini,ferry.anggraini9099@gmail.com,089689666345,Islam,"Jl. Hayam Wuruk No.53, RT 06/RW 10, Metro, Lampung",Laki-laki,"Metro, 24/09/2004",2022,MA Negeri 17 Metro
CM000330,6657819740,1173982670187457,Cahyo Suharto,cahyo.suharto3520@gmail.com,081550298886,Islam,"Jl. Teuku Umar No.48, RT 17/RW 05, Sabang, Aceh",Laki-laki,"Sabang, 15/12/2006",2025,SMA Negeri Islam Terpadu Sabang
CM000331,2298823199,5272973891157663,Olivia Suryadi,olivia.suryadi1303@gmail.com,085334247607,Islam,"Jl. Tentara Pelajar No.5, RT 17/RW 06, Bima, Nusa Tenggara Barat",Perempuan,"Bima, 06/06/2006",2024,MAN Harapan Bangsa Bima
CM000332,5375232127,7174779356711981,Zainal Kusuma,zainal.kusuma5296@gmail.com,087770026982,Katolik,"Jl. Gatot Subroto No.85, RT 01/RW 04, Kotamobagu, Sulawesi Utara",Laki-laki,"Kotamobagu, 05/09/2007",2024,SMKN Unggulan Kotamobagu
CM000333,8781274093,3673075570735507,Putri Puspitasari,putri.puspitasari6435@gmail.com,089941048671,Islam,"Jl. Hayam Wuruk No.64, RT 12/RW 05, Serang, Banten",Perempuan,"Serang, 21/02/2007",2025,MAN 24 Serang
CM000334,1355038800,7173976376008067,Zahra Hakim,zahra.hakim5665@gmail.com,082257945339,Islam,"Jl. Sudirman No.131, RT 06/RW 07, Tomohon, Sulawesi Utara",Perempuan,"Tomohon, 27/04/2006",2024,MA Swasta Pancasila Tomohon
CM000335,8395565744,7306177641952852,Tiara Oktaviani,tiara.oktaviani3835@gmail.com,082126410505,Islam,"Jl. Panglima Besar No.27, RT 01/RW 01, Gowa, Sulawesi Selatan",Perempuan,"Gowa, 27/05/2007",2025,SMAN Al-Azhar Gowa
CM000336,0735238641,1401464616941601,Bunga Yulianto,bunga.yulianto2312@gmail.com,081203815854,Islam,"Jl. Tentara Pelajar No.41, RT 03/RW 06, Kampar, Riau",Perempuan,"Kampar, 18/09/2005",2024,SMA Swasta 19 Kampar
CM000337,0553034972,3278001018487746,Cahaya Siregar,cahaya.siregar4445@gmail.com,089524934922,Islam,"Jl. Teuku Umar No.105, RT 12/RW 08, Tasikmalaya, Jawa Barat",Perempuan,"Tasikmalaya, 13/05/2007",2025,SMK Swasta Pembangunan Tasikmalaya
CM000338,0124395966,9271769278033652,Widya Azzahra,widya.azzahra9224@gmail.com,089997919848,Islam,"Jl. Pahlawan No.18, RT 19/RW 02, Sorong, Papua",Perempuan,"Sorong, 16/08/2004",2023,SMK Swasta 9 Sorong
CM000339,9737252492,8101728055856307,Nurul Septiani,nurul.septiani2109@gmail.com,081353560074,Islam,"Jl. Pemuda No.173, RT 17/RW 09, Maluku Tengah, Maluku",Laki-laki,"Maluku Tengah, 19/09/2005",2024,MAN Sudirman Maluku Tengah
CM000340,6473504457,3673891512665617,Lukman Wahyudi,lukman.wahyudi1959@gmail.com,089888490476,Islam,"Jl. Brigjen Katamso No.84, RT 01/RW 05, Serang, Banten",Laki-laki,"Serang, 23/10/2006",2025,SMK Negeri 18 Serang
CM000341,4289876337,1871225814412685,Danang Suryadi,danang.suryadi6537@gmail.com,081162922355,Islam,"Jl. Pahlawan No.96, RT 16/RW 08, Bandar Lampung, Lampung",Laki-laki,"Bandar Lampung, 14/08/2005",2022,SMA Negeri 13 Bandar Lampung
CM000342,3810549916,6472646400761264,Surya Lubis,surya.lubis5428@gmail.com,081816209561,Islam,"Jl. Sultan Agung No.31, RT 18/RW 03, Balikpapan, Kalimantan Timur",Laki-laki,"Balikpapan, 14/04/2006",2024,SMA Negeri 18 Balikpapan
CM000343,9222958686,3171133969892963,Randy Santoso,randy.santoso8405@gmail.com,081550028907,Islam,"Jl. Tentara Pelajar No.90, RT 09/RW 05, Jakarta Pusat, DKI Jakarta",Laki-laki,"Jakarta Pusat, 14/05/2006",2025,SMK Swasta Cendekia Jakarta Pusat
CM000344,1976265819,3171417675802309,Amelia Azzahra,amelia.azzahra2746@gmail.com,083835931276,Katolik,"Jl. Sudirman No.125, RT 03/RW 05, Jakarta Pusat, DKI Jakarta",Perempuan,"Jakarta Pusat, 09/06/2003",2022,MAN 4 Jakarta Pusat
CM000345,3484284708,1275890987327286,Naufal Iskandar,naufal.iskandar8316@gmail.com,082263723219,Islam,"Jl. MT. Haryono No.80, RT 18/RW 08, Medan, Sumatera Utara",Laki-laki,"Medan, 07/11/2005",2022,MA Swasta Cendekia Medan
CM000346,1970048920,1401453045080446,Uswah Wijaya,uswah.wijaya8165@gmail.com,085827770996,Islam,"Jl. Pemuda No.14, RT 08/RW 03, Kampar, Riau",Perempuan,"Kampar, 21/06/2006",2023,SMK Swasta Insan Kamil Kampar
CM000347,5808720719,6402646752960781,Fajar Purnomo,fajar.purnomo6360@gmail.com,088271139891,Hindu,"Jl. RE. Martadinata No.18, RT 01/RW 09, Kutai Kartanegara, Kalimantan Timur",Laki-laki,"Kutai Kartanegara, 13/05/2006",2025,MA Negeri 17 Kutai Kartanegara
CM000348,3518040227,1174273900669992,Fika Maulana,fika.maulana7226@gmail.com,082169365421,Islam,"Jl. Pahlawan No.127, RT 02/RW 03, Langsa, Aceh",Perempuan,"Langsa, 12/09/2005",2024,MA Negeri 2 Langsa
CM000349,1510719719,7174109084847332,Ragil Rahayu,ragil.rahayu5727@gmail.com,083161373508,Islam,"Jl. Diponegoro No.59, RT 08/RW 01, Kotamobagu, Sulawesi Utara",Laki-laki,"Kotamobagu, 22/07/2007",2025,MA Swasta 23 Kotamobagu
CM000350,1681324049,3404082877043959,Yoga Prasetyo,yoga.prasetyo1416@gmail.com,081449007534,Islam,"Jl. Brigjen Katamso No.52, RT 16/RW 05, Sleman, DI Yogyakarta",Laki-laki,"Sleman, 28/12/2004",2022,MA Swasta 14 Sleman
CM000351,7944474582,3574061184681893,Teguh Setiawan,teguh.setiawan7885@gmail.com,083161854168,Islam,"Jl. Cut Nyak Dien No.27, RT 14/RW 05, Probolinggo, Jawa Timur",Laki-laki,"Probolinggo, 23/09/2006",2024,MA Swasta 2 Probolinggo
CM000352,3002068306,1172544004716096,Surya Budiman,surya.budiman6503@gmail.com,089840860555,Islam,"Jl. Raya Utama No.94, RT 20/RW 04, Lhokseumawe, Aceh",Laki-laki,"Lhokseumawe, 12/09/2004",2023,SMK Negeri 9 Lhokseumawe
CM000353,4445649972,1871464524122392,Sigit Hermawan,sigit.hermawan899@gmail.com,081820057127,Islam,"Jl. Imam Bonjol No.171, RT 14/RW 07, Bandar Lampung, Lampung",Laki-laki,"Bandar Lampung, 06/12/2006",2025,MA Negeri 14 Bandar Lampung
CM000354,8825594600,1402336664141198,Jihan Sinaga,jihan.sinaga284@gmail.com,089647624389,Islam,"Jl. Diponegoro No.190, RT 05/RW 06, Bengkalis, Riau",Perempuan,"Bengkalis, 18/04/2005",2024,MA Swasta Pembangunan Bengkalis
CM000355,2815762360,1271488257091186,Kukuh Gunawan,kukuh.gunawan9032@gmail.com,088113836156,Islam,"Jl. Tentara Pelajar No.199, RT 06/RW 05, Sibolga, Sumatera Utara",Laki-laki,"Sibolga, 19/03/2006",2025,SMAN Plus Sibolga
CM000356,2041206279,3174457621152240,Tiara Mulyadi,tiara.mulyadi7860@gmail.com,087794257791,Islam,"Jl. MT. Haryono No.147, RT 17/RW 01, Jakarta Selatan, DKI Jakarta",Perempuan,"Jakarta Selatan, 28/02/2006",2024,SMKN 17 Jakarta Selatan
CM000357,0288775095,3575814443872017,Wahyu Prasetyo,wahyu.prasetyo2706@gmail.com,085702293313,Islam,"Jl. Teuku Umar No.164, RT 02/RW 04, Madiun, Jawa Timur",Laki-laki,"Madiun, 23/05/2005",2023,SMKN 1 Madiun
CM000358,6692535990,8172422248985928,Teguh Hermawan,teguh.hermawan4856@gmail.com,081779883598,Islam,"Jl. Veteran No.38, RT 03/RW 06, Tual, Maluku",Laki-laki,"Tual, 11/05/2008",2025,SMA Swasta 2 Tual
CM000359,4775811269,1274014031818176,Binar Sihombing,binar.sihombing1175@gmail.com,081790331891,Islam,"Jl. Sudirman No.13, RT 12/RW 02, Tebing Tinggi, Sumatera Utara",Perempuan,"Tebing Tinggi, 21/02/2006",2023,SMAN 19 Tebing Tinggi
CM000360,6732171997,5171585148865545,Oki Ardiansyah,oki.ardiansyah1054@gmail.com,082181712577,Islam,"Jl. Pahlawan No.124, RT 12/RW 10, Denpasar, Bali",Laki-laki,"Denpasar, 28/04/2006",2023,SMKN Muhammadiyah Denpasar
CM000361,1908150692,3201860524157807,Dwita Puspitasari,dwita.puspitasari361@gmail.com,088198902414,Islam,"Jl. Cut Nyak Dien No.45, RT 10/RW 08, Bogor, Jawa Barat",Perempuan,"Bogor, 18/07/2003",2022,SMAN Diponegoro Bogor
CM000362,8219240504,8171011824457677,Taufik Mahendra,taufik.mahendra5930@gmail.com,088118307905,Islam,"Jl. Soekarno Hatta No.178, RT 20/RW 07, Ambon, Maluku",Laki-laki,"Ambon, 09/11/2005",2023,MA Swasta Terpadu Ambon
CM000363,6699747845,3278177210260778,Sari Andriani,sari.andriani7693@gmail.com,089779680240,Islam,"Jl. Ahmad Yani No.190, RT 17/RW 02, Tasikmalaya, Jawa Barat",Perempuan,"Tasikmalaya, 26/04/2004",2023,SMK Swasta Pembangunan Tasikmalaya
CM000364,9770512512,8171928722335147,Udin Handayani,udin.handayani6172@gmail.com,081722055237,Islam,"Jl. Raya Utama No.96, RT 20/RW 10, Ambon, Maluku",Laki-laki,"Ambon, 23/03/2004",2022,SMK Swasta Sudirman Ambon
CM000365,5372570962,3576724279588227,Hendra Soetomo,hendra.soetomo6482@gmail.com,082257774386,Islam,"Jl. Sisingamangaraja No.16, RT 11/RW 01, Pasuruan, Jawa Timur",Laki-laki,"Pasuruan, 15/05/2006",2025,MAN Kartini Pasuruan
CM000366,8614537165,5203148941762266,Zara Anggraini,zara.anggraini365@gmail.com,081212611915,Islam,"Jl. MT. Haryono No.184, RT 05/RW 06, Sumbawa, Nusa Tenggara Barat",Perempuan,"Sumbawa, 20/05/2006",2024,SMA Swasta Unggulan Sumbawa
CM000367,7267143531,3375624673090890,Ragil Suharto,ragil.suharto6787@gmail.com,085826112766,Islam,"Jl. Diponegoro No.80, RT 19/RW 07, Pekalongan, Jawa Tengah",Laki-laki,"Pekalongan, 03/09/2005",2024,SMA Swasta 3 Pekalongan
CM000368,8022909554,7306812260614155,Nabila Hermawan,nabila.hermawan8516@gmail.com,081674124312,Islam,"Jl. Veteran No.40, RT 06/RW 08, Gowa, Sulawesi Selatan",Perempuan,"Gowa, 07/01/2003",2022,MAN Diponegoro Gowa
CM000369,2821122638,6474776437505600,Zainal Wijaya,zainal.wijaya2707@gmail.com,085637507099,Hindu,"Jl. Pemuda No.35, RT 07/RW 08, Bontang, Kalimantan Timur",Laki-laki,"Bontang, 19/08/2005",2023,SMA Negeri Ahmad Dahlan Bontang
CM000370,7587015077,1871088975452356,Andika Kurniawan,andika.kurniawan3290@gmail.com,088155719313,Islam,"Jl. RE. Martadinata No.173, RT 08/RW 01, Bandar Lampung, Lampung",Laki-laki,"Bandar Lampung, 28/04/2005",2023,SMA Swasta 17 Bandar Lampung
CM000371,2680162566,1871239429908309,Gita Saputra,gita.saputra1481@gmail.com,081317950777,Islam,"Jl. Pahlawan No.104, RT 04/RW 07, Bandar Lampung, Lampung",Perempuan,"Bandar Lampung, 04/01/2006",2023,MA Swasta 2 Bandar Lampung
CM000372,3075210938,5203564321944946,Irwan Santoso,irwan.santoso5949@gmail.com,081906146591,Islam,"Jl. Pemuda No.125, RT 07/RW 01, Sumbawa, Nusa Tenggara Barat",Laki-laki,"Sumbawa, 11/08/2008",2025,SMA Swasta Plus Sumbawa
CM000373,6900711909,5108046256703362,Aldi Ramadhan,aldi.ramadhan6627@gmail.com,081952236324,Kristen,"Jl. RE. Martadinata No.91, RT 09/RW 04, Karangasem, Bali",Laki-laki,"Karangasem, 05/07/2005",2023,SMK Swasta Pembangunan Karangasem
CM000374,9724033012,9271581703860829,Lestari Soetomo,lestari.soetomo5101@gmail.com,081512021560,Islam,"Jl. Sisingamangaraja No.9, RT 09/RW 06, Sorong, Papua",Perempuan,"Sorong, 17/04/2007",2024,SMKN Nusantara Sorong
CM000375,5579675625,5203860873024656,Putra Pratama,putra.pratama2017@gmail.com,081354578648,Islam,"Jl. MT. Haryono No.191, RT 16/RW 04, Sumbawa, Nusa Tenggara Barat",Laki-laki,"Sumbawa, 27/09/2006",2023,SMK Negeri Islam Terpadu Sumbawa
CM000376,4596634438,3273471714952062,Wawan Wahyuningsih,wawan.wahyuningsih109@gmail.com,085213085220,Islam,"Jl. Imam Bonjol No.149, RT 07/RW 08, Bandung, Jawa Barat",Laki-laki,"Bandung, 20/12/2005",2024,SMA Negeri Ahmad Dahlan Bandung
CM000377,8114556636,1274011119577003,Nanda Purnomo,nanda.purnomo2197@gmail.com,081850668046,Kristen,"Jl. Sisingamangaraja No.79, RT 16/RW 06, Tebing Tinggi, Sumatera Utara",Laki-laki,"Tebing Tinggi, 13/11/2006",2023,SMA Swasta 5 Tebing Tinggi
CM000378,9724520269,3375275301406863,Ilham Gunawan,ilham.gunawan8114@gmail.com,081556570392,Islam,"Jl. Soekarno Hatta No.164, RT 06/RW 06, Pekalongan, Jawa Tengah",Laki-laki,"Pekalongan, 05/01/2004",2023,MA Negeri 19 Pekalongan
CM000379,4112414521,1173181683172278,Okta Santoso,okta.santoso9654@gmail.com,087708011282,Islam,"Jl. Brigjen Katamso No.81, RT 16/RW 01, Sabang, Aceh",Laki-laki,"Sabang, 07/12/2006",2024,SMK Negeri 8 Sabang
CM000380,7593995699,1872164123160086,Muhammad Wardana,muhammad.wardana9123@gmail.com,081434797162,Islam,"Jl. RE. Martadinata No.109, RT 17/RW 03, Metro, Lampung",Laki-laki,"Metro, 16/08/2007",2025,MA Swasta Hasanuddin Metro
CM000381,4356085017,3172794909056663,Bella Ramadhani,bella.ramadhani1447@gmail.com,082319069432,Islam,"Jl. Sultan Agung No.66, RT 17/RW 04, Jakarta Utara, DKI Jakarta",Perempuan,"Jakarta Utara, 18/06/2008",2025,SMKN 19 Jakarta Utara
CM000382,2532106054,1471696297743638,Fika Maulana,fika.maulana8480@gmail.com,081939509425,Islam,"Jl. MT. Haryono No.127, RT 03/RW 04, Pekanbaru, Riau",Perempuan,"Pekanbaru, 07/05/2006",2025,MAN Islam Terpadu Pekanbaru
CM000383,6173682225,3674462987427276,Ika Sulistyowati,ika.sulistyowati1853@gmail.com,081136474969,Islam,"Jl. RE. Martadinata No.134, RT 07/RW 03, Tangerang Selatan, Banten",Perempuan,"Tangerang Selatan, 08/04/2006",2025,SMK Negeri Diponegoro Tangerang Selatan
CM000384,3493297793,3201329646315331,Hani Hidayat,hani.hidayat3334@gmail.com,085779951413,Kristen,"Jl. Panglima Besar No.123, RT 01/RW 05, Bogor, Jawa Barat",Perempuan,"Bogor, 16/04/2006",2025,SMK Swasta 5 Bogor
CM000385,1218004058,9471197441729228,Salsa Safitri,salsa.safitri3124@gmail.com,081306003994,Islam,"Jl. Imam Bonjol No.88, RT 16/RW 03, Jayapura, Papua",Perempuan,"Jayapura, 09/10/2003",2022,SMA Negeri Harapan Bangsa Jayapura
CM000386,8379949640,8101202786415856,Citra Wibowo,citra.wibowo2152@gmail.com,081393670938,Islam,"Jl. Gatot Subroto No.85, RT 14/RW 07, Maluku Tengah, Maluku",Perempuan,"Maluku Tengah, 07/12/2005",2023,SMAN Cendekia Maluku Tengah
CM000387,9520051200,5272765249752209,Kartika Wijaya,kartika.wijaya5113@gmail.com,088289981930,Islam,"Jl. Sultan Agung No.28, RT 18/RW 09, Bima, Nusa Tenggara Barat",Perempuan,"Bima, 11/11/2007",2024,SMK Negeri 4 Bima
CM000388,2520578179,8171970961646352,Faisal Soetomo,faisal.soetomo6703@gmail.com,088151911629,Katolik,"Jl. Brigjen Katamso No.40, RT 19/RW 02, Ambon, Maluku",Laki-laki,"Ambon, 06/12/2008",2025,SMKN Plus Ambon
CM000389,6120368276,6471760703204089,Teguh Purnomo,teguh.purnomo4643@gmail.com,083855454707,Islam,"Jl. Pemuda No.69, RT 18/RW 09, Samarinda, Kalimantan Timur",Laki-laki,"Samarinda, 13/02/2004",2022,SMA Negeri Plus Samarinda
CM000390,0328965154,1172815407808601,Yasmin Hutapea,yasmin.hutapea5455@gmail.com,085235490996,Islam,"Jl. Sultan Agung No.20, RT 11/RW 10, Lhokseumawe, Aceh",Perempuan,"Lhokseumawe, 23/10/2006",2024,SMA Swasta Budi Utomo Lhokseumawe
CM000391,7958470054,3319239227131044,Amelia Rasyid,amelia.rasyid2428@gmail.com,081135318244,Islam,"Jl. Veteran No.142, RT 18/RW 03, Kudus, Jawa Tengah",Perempuan,"Kudus, 28/03/2007",2025,SMAN Islam Terpadu Kudus
CM000392,8945024123,5104358298845786,Amelia Hakim,amelia.hakim1179@gmail.com,089600101379,Kristen,"Jl. Cut Nyak Dien No.167, RT 14/RW 09, Gianyar, Bali",Perempuan,"Gianyar, 10/03/2006",2024,MA Negeri 20 Gianyar
CM000393,5614324882,1371491719623402,Irwan Anggraini,irwan.anggraini4837@gmail.com,085523312260,Islam,"Jl. Imam Bonjol No.127, RT 10/RW 07, Padang, Sumatera Barat",Laki-laki,"Padang, 01/11/2005",2022,MAN Islam Terpadu Padang
CM000394,3578892265,1871836733747940,Vino Suharto,vino.suharto8994@gmail.com,089956785541,Kristen,"Jl. Pemuda No.116, RT 20/RW 08, Bandar Lampung, Lampung",Laki-laki,"Bandar Lampung, 01/10/2006",2024,MA Negeri 20 Bandar Lampung
CM000395,9494662974,3471068207034128,Eko Puspitasari,eko.puspitasari712@gmail.com,087701490027,Islam,"Jl. Tentara Pelajar No.181, RT 18/RW 08, Yogyakarta, DI Yogyakarta",Laki-laki,"Yogyakarta, 08/09/2004",2023,SMA Swasta 17 Yogyakarta
CM000396,7524444441,3572814318123418,Guntur Handayani,guntur.handayani632@gmail.com,088152069223,Islam,"Jl. Raya Utama No.71, RT 07/RW 06, Blitar, Jawa Timur",Laki-laki,"Blitar, 27/07/2004",2022,SMA Negeri 23 Blitar
CM000397,5764386326,1871062146297172,Gracia Adiputra,gracia.adiputra8427@gmail.com,082243908975,Islam,"Jl. Tentara Pelajar No.170, RT 07/RW 07, Bandar Lampung, Lampung",Perempuan,"Bandar Lampung, 03/02/2004",2023,SMAN 14 Bandar Lampung
CM000398,2453733853,3175148179299745,Xena Mulyadi,xena.mulyadi1050@gmail.com,082121715416,Islam,"Jl. Soekarno Hatta No.197, RT 12/RW 10, Jakarta Timur, DKI Jakarta",Perempuan,"Jakarta Timur, 10/01/2005",2024,SMAN 10 Jakarta Timur
CM000399,9761735722,8171882305519403,Zainal Sulistyowati,zainal.sulistyowati2948@gmail.com,085814855081,Islam,"Jl. Diponegoro No.74, RT 17/RW 01, Ambon, Maluku",Laki-laki,"Ambon, 15/02/2006",2024,SMKN 2 Ambon
CM000400,1466077164,7172464782904868,Muhammad Hermawan,muhammad.hermawan473@gmail.com,088222251053,Islam,"Jl. Ahmad Yani No.36, RT 20/RW 03, Bitung, Sulawesi Utara",Laki-laki,"Bitung, 20/02/2006",2025,SMK Swasta Islam Terpadu Bitung
CM000401,5031891593,5108577818074416,Jefri Azzahra,jefri.azzahra4730@gmail.com,085659514692,Islam,"Jl. Pemuda No.23, RT 11/RW 01, Karangasem, Bali",Laki-laki,"Karangasem, 01/01/2008",2025,MA Negeri 8 Karangasem
CM000402,6814650251,1273784405689379,Prima Oktaviani,prima.oktaviani1350@gmail.com,081732787020,Islam,"Jl. Imam Bonjol No.156, RT 06/RW 07, Binjai, Sumatera Utara",Laki-laki,"Binjai, 25/04/2007",2025,MA Swasta 15 Binjai
CM000403,5974943991,3274489699222550,Lestari Azzahra,lestari.azzahra2250@gmail.com,085777778742,Kristen,"Jl. Pemuda No.183, RT 11/RW 08, Cirebon, Jawa Barat",Perempuan,"Cirebon, 01/10/2005",2024,MA Swasta 3 Cirebon
CM000404,3246500982,1372114716792136,Binar Wahyudi,binar.wahyudi3201@gmail.com,089561958323,Islam,"Jl. Imam Bonjol No.162, RT 12/RW 02, Bukittinggi, Sumatera Barat",Perempuan,"Bukittinggi, 21/11/2005",2024,SMK Negeri 25 Bukittinggi
CM000405,7077665271,7172058079143762,Hana Handayani,hana.handayani8107@gmail.com,088205664608,Islam,"Jl. Imam Bonjol No.162, RT 01/RW 01, Bitung, Sulawesi Utara",Perempuan,"Bitung, 16/07/2006",2025,SMK Negeri Nusantara Bitung
CM000406,2056755375,1471940789326740,Salsa Putranto,salsa.putranto2448@gmail.com,081459090354,Islam,"Jl. Ahmad Yani No.162, RT 16/RW 04, Pekanbaru, Riau",Perempuan,"Pekanbaru, 24/04/2006",2025,SMA Negeri 2 Pekanbaru
CM000407,5407392163,3278197358976697,Joko Purnomo,joko.purnomo2417@gmail.com,085299549468,Islam,"Jl. RE. Martadinata No.25, RT 04/RW 04, Tasikmalaya, Jawa Barat",Laki-laki,"Tasikmalaya, 06/02/2004",2022,MA Negeri 24 Tasikmalaya
CM000408,7804175651,9471443061079416,Ivan Wahyuningsih,ivan.wahyuningsih5422@gmail.com,089585386067,Islam,"Jl. Ahmad Yani No.68, RT 15/RW 04, Jayapura, Papua",Laki-laki,"Jayapura, 25/08/2006",2024,MA Swasta 15 Jayapura
CM000409,6427492960,5272758333011137,Rahma Rahayu,rahma.rahayu6858@gmail.com,085553728774,Islam,"Jl. Ahmad Yani No.197, RT 17/RW 07, Bima, Nusa Tenggara Barat",Perempuan,"Bima, 28/01/2007",2024,SMA Swasta Insan Kamil Bima
CM000410,1637760218,3575408024166980,Surya Pamungkas,surya.pamungkas5434@gmail.com,089541708549,Islam,"Jl. MT. Haryono No.119, RT 11/RW 07, Madiun, Jawa Timur",Laki-laki,"Madiun, 05/02/2005",2024,SMA Negeri Terpadu Madiun
CM000411,8382969331,5103849489068268,Olivia Septiani,olivia.septiani7495@gmail.com,085626136571,Islam,"Jl. Imam Bonjol No.74, RT 10/RW 03, Tabanan, Bali",Perempuan,"Tabanan, 24/06/2005",2024,SMKN 11 Tabanan
CM000412,0256457341,7172399971814104,Viola Santoso,viola.santoso4280@gmail.com,089703069640,Islam,"Jl. Brigjen Katamso No.21, RT 20/RW 04, Bitung, Sulawesi Utara",Perempuan,"Bitung, 23/11/2007",2025,SMA Swasta Gajah Mada Bitung
CM000413,3993725768,3202737510299696,Prima Puspitasari,prima.puspitasari3106@gmail.com,088121776666,Islam,"Jl. RE. Martadinata No.25, RT 13/RW 08, Sukabumi, Jawa Barat",Laki-laki,"Sukabumi, 24/01/2007",2024,SMK Negeri Cendekia Sukabumi
CM000414,3910344495,3404293883151408,Hafiz Susanto,hafiz.susanto6716@gmail.com,081543317868,Islam,"Jl. Gatot Subroto No.68, RT 01/RW 07, Sleman, DI Yogyakarta",Laki-laki,"Sleman, 14/08/2006",2023,SMKN 23 Sleman
CM000415,9820678705,3401138118121105,Vivi Yulianto,vivi.yulianto1326@gmail.com,082137645612,Islam,"Jl. Raya Utama No.155, RT 08/RW 02, Kulon Progo, DI Yogyakarta",Perempuan,"Kulon Progo, 01/05/2005",2022,SMKN 12 Kulon Progo
CM000416,9793902684,3573385653182965,Clara Lubis,clara.lubis3746@gmail.com,085811034278,Konghucu,"Jl. Pemuda No.10, RT 18/RW 09, Malang, Jawa Timur",Perempuan,"Malang, 13/07/2007",2025,MA Swasta 20 Malang
CM000417,7075489369,3172069679461975,Zainal Sihombing,zainal.sihombing9390@gmail.com,081744981074,Islam,"Jl. Sultan Agung No.121, RT 17/RW 05, Jakarta Utara, DKI Jakarta",Laki-laki,"Jakarta Utara, 22/01/2004",2022,SMK Negeri Harapan Bangsa Jakarta Utara
CM000418,8218429701,1272414778567833,Rahma Azzahra,rahma.azzahra8624@gmail.com,089578524931,Islam,"Jl. Pahlawan No.144, RT 02/RW 05, Pematangsiantar, Sumatera Utara",Perempuan,"Pematangsiantar, 22/07/2006",2023,SMAN 20 Pematangsiantar
CM000419,2977037668,3572152406919643,Vina Suryadi,vina.suryadi1317@gmail.com,081329339410,Islam,"Jl. Pemuda No.38, RT 18/RW 04, Blitar, Jawa Timur",Perempuan,"Blitar, 19/06/2007",2024,MA Negeri 18 Blitar
CM000420,6312431051,3674944328407798,Rara Saputra,rara.saputra273@gmail.com,081585638634,Islam,"Jl. Pahlawan No.46, RT 10/RW 01, Tangerang Selatan, Banten",Perempuan,"Tangerang Selatan, 14/12/2006",2024,SMK Negeri Al-Azhar Tangerang Selatan
CM000421,5380847692,7372583554771002,Gita Sulistyowati,gita.sulistyowati8691@gmail.com,089629432431,Hindu,"Jl. Sultan Agung No.199, RT 03/RW 04, Parepare, Sulawesi Selatan",Perempuan,"Parepare, 09/03/2006",2024,MAN Hasanuddin Parepare
CM000422,4483210000,1374109483629640,Okta Andriani,okta.andriani8404@gmail.com,085870528118,Islam,"Jl. Panglima Besar No.161, RT 06/RW 09, Payakumbuh, Sumatera Barat",Perempuan,"Payakumbuh, 26/03/2003",2022,SMAN Cendekia Payakumbuh
CM000423,2349051667,1872076551153157,Fani Wijaya,fani.wijaya1844@gmail.com,089800622399,Islam,"Jl. Pemuda No.123, RT 15/RW 09, Metro, Lampung",Perempuan,"Metro, 06/12/2005",2023,SMK Negeri Harapan Bangsa Metro
CM000424,7077096990,5171441872778919,Keisha Safitri,keisha.safitri2026@gmail.com,089871115824,Kristen,"Jl. Cut Nyak Dien No.193, RT 16/RW 07, Denpasar, Bali",Perempuan,"Denpasar, 23/10/2008",2025,MA Swasta 21 Denpasar
CM000425,2743919081,3404061944606865,Fika Lestari,fika.lestari2401@gmail.com,085865836764,Islam,"Jl. Teuku Umar No.138, RT 03/RW 07, Sleman, DI Yogyakarta",Perempuan,"Sleman, 04/01/2007",2025,SMA Negeri Plus Sleman
CM000426,5242416298,8172029725432478,Oki Prasetyo,oki.prasetyo6601@gmail.com,081975395588,Katolik,"Jl. Brigjen Katamso No.138, RT 13/RW 08, Tual, Maluku",Laki-laki,"Tual, 12/10/2008",2025,SMKN 17 Tual
CM000427,9332211007,7171181372068456,Uswah Maulana,uswah.maulana1273@gmail.com,082161793187,Islam,"Jl. Sultan Agung No.4, RT 14/RW 01, Manado, Sulawesi Utara",Perempuan,"Manado, 14/10/2006",2024,MA Swasta 5 Manado
CM000428,5696876507,5108450778282185,Dedy Nasution,dedy.nasution7958@gmail.com,081124772654,Islam,"Jl. Cut Nyak Dien No.140, RT 04/RW 07, Karangasem, Bali",Laki-laki,"Karangasem, 10/04/2007",2024,MA Negeri Al-Azhar Karangasem
CM000429,1716597064,6472603436772579,Rara Suryadi,rara.suryadi8238@gmail.com,088175829849,Islam,"Jl. Panglima Besar No.76, RT 14/RW 10, Balikpapan, Kalimantan Timur",Perempuan,"Balikpapan, 07/04/2004",2022,SMK Swasta Cendekia Balikpapan
CM000430,7692285101,3202816276654826,Viola Siregar,viola.siregar2134@gmail.com,089583546976,Islam,"Jl. Cut Nyak Dien No.39, RT 11/RW 10, Sukabumi, Jawa Barat",Perempuan,"Sukabumi, 05/10/2005",2024,SMK Swasta Pembangunan Sukabumi
CM000431,4366598491,7306048595898004,Tika Mahendra,tika.mahendra8823@gmail.com,087862410869,Islam,"Jl. RE. Martadinata No.9, RT 10/RW 04, Gowa, Sulawesi Selatan",Perempuan,"Gowa, 22/05/2004",2023,SMK Negeri Gajah Mada Gowa
CM000432,6472720925,3401057455436022,Cantika Wahyuningsih,cantika.wahyuningsih6870@gmail.com,081609814357,Islam,"Jl. Panglima Besar No.47, RT 19/RW 03, Kulon Progo, DI Yogyakarta",Perempuan,"Kulon Progo, 25/06/2006",2024,SMK Negeri Ahmad Dahlan Kulon Progo
CM000433,0947062652,1872943832629314,Cipto Sudirman,cipto.sudirman8713@gmail.com,085817524889,Islam,"Jl. Ahmad Yani No.195, RT 06/RW 08, Metro, Lampung",Laki-laki,"Metro, 04/08/2008",2025,SMAN Cendekia Metro
CM000434,8055283599,1372247118318542,Zara Prasetyo,zara.prasetyo2623@gmail.com,089875662553,Kristen,"Jl. Imam Bonjol No.151, RT 15/RW 07, Bukittinggi, Sumatera Barat",Perempuan,"Bukittinggi, 03/07/2006",2023,SMA Negeri 8 Bukittinggi
CM000435,1199957802,3402151520992251,Tiara Soetomo,tiara.soetomo2921@gmail.com,081279286952,Islam,"Jl. Sisingamangaraja No.99, RT 12/RW 06, Bantul, DI Yogyakarta",Perempuan,"Bantul, 15/04/2006",2024,MA Swasta 4 Bantul
CM000436,0165261871,3275192164984065,Ivan Safitri,ivan.safitri1712@gmail.com,089740248333,Islam,"Jl. Veteran No.51, RT 18/RW 09, Bekasi, Jawa Barat",Laki-laki,"Bekasi, 26/05/2006",2024,SMKN Unggulan Bekasi
CM000437,6866281278,3575834401624855,Wahyu Oktaviani,wahyu.oktaviani9337@gmail.com,081243494267,Islam,"Jl. Soekarno Hatta No.67, RT 03/RW 06, Madiun, Jawa Timur",Laki-laki,"Madiun, 02/05/2007",2024,MA Swasta 9 Madiun
CM000438,5561871537,3673810923393034,Vina Kurniasih,vina.kurniasih5705@gmail.com,089612663934,Islam,"Jl. Veteran No.187, RT 10/RW 01, Serang, Banten",Perempuan,"Serang, 08/08/2007",2025,SMK Negeri 10 Serang
CM000439,2118957642,7373184550111222,Oscar Sudirman,oscar.sudirman4371@gmail.com,081202638147,Islam,"Jl. Pemuda No.100, RT 15/RW 05, Palopo, Sulawesi Selatan",Laki-laki,"Palopo, 08/08/2006",2023,SMK Swasta 23 Palopo
CM000440,6522538114,1173553176847379,Endah Hakim,endah.hakim8379@gmail.com,085215306512,Islam,"Jl. Pahlawan No.90, RT 03/RW 04, Sabang, Aceh",Perempuan,"Sabang, 01/05/2004",2022,SMK Negeri 7 Sabang
CM000441,3245604664,3275938895064878,Hafiz Budiman,hafiz.budiman319@gmail.com,085649726583,Islam,"Jl. Teuku Umar No.137, RT 10/RW 02, Bekasi, Jawa Barat",Laki-laki,"Bekasi, 04/03/2007",2024,SMKN 16 Bekasi
CM000442,3282719768,3404748225794027,Bella Iskandar,bella.iskandar4510@gmail.com,081262735412,Kristen,"Jl. Tentara Pelajar No.176, RT 07/RW 01, Sleman, DI Yogyakarta",Perempuan,"Sleman, 12/03/2005",2022,SMK Swasta 23 Sleman
CM000443,8876780328,3274394777274360,Desi Yulianto,desi.yulianto1920@gmail.com,085313289883,Islam,"Jl. Ahmad Yani No.187, RT 12/RW 03, Cirebon, Jawa Barat",Perempuan,"Cirebon, 16/03/2006",2024,SMK Negeri 3 Cirebon
CM000444,5818154996,1871075198726152,Rahma Nugroho,rahma.nugroho1062@gmail.com,081344429274,Islam,"Jl. Soekarno Hatta No.29, RT 20/RW 03, Bandar Lampung, Lampung",Perempuan,"Bandar Lampung, 18/12/2004",2023,SMA Swasta 20 Bandar Lampung
CM000445,5118074036,3172828943241319,Joko Oktaviani,joko.oktaviani1276@gmail.com,082116997215,Islam,"Jl. Ahmad Yani No.34, RT 04/RW 09, Jakarta Utara, DKI Jakarta",Laki-laki,"Jakarta Utara, 04/06/2005",2022,SMKN 24 Jakarta Utara
CM000446,4349646035,7308638888500475,Olivia Nugraha,olivia.nugraha8664@gmail.com,082398459209,Islam,"Jl. Veteran No.18, RT 15/RW 06, Bone, Sulawesi Selatan",Perempuan,"Bone, 27/12/2007",2025,MAN Pancasila Bone
CM000447,7596138634,9407548039448322,Ferry Maulana,ferry.maulana9654@gmail.com,087748437499,Islam,"Jl. Sisingamangaraja No.186, RT 11/RW 03, Mimika, Papua",Laki-laki,"Mimika, 17/09/2005",2024,MA Negeri Kartini Mimika
CM000448,6526712783,1375457600864782,Udin Situmorang,udin.situmorang4429@gmail.com,087705795547,Islam,"Jl. Veteran No.131, RT 11/RW 04, Pariaman, Sumatera Barat",Laki-laki,"Pariaman, 26/12/2007",2025,SMAN Muhammadiyah Pariaman
CM000449,9670097138,3276182999523874,Udin Septiani,udin.septiani3615@gmail.com,088101600575,Islam,"Jl. Ahmad Yani No.87, RT 10/RW 09, Depok, Jawa Barat",Laki-laki,"Depok, 18/02/2008",2025,SMK Negeri Muhammadiyah Depok
CM000450,4746984448,3171083455087739,Jihan Mulyadi,jihan.mulyadi4772@gmail.com,089563585091,Islam,"Jl. Diponegoro No.11, RT 12/RW 07, Jakarta Pusat, DKI Jakarta",Perempuan,"Jakarta Pusat, 27/12/2006",2024,SMK Negeri Gajah Mada Jakarta Pusat
CM000451,9084986205,3402392203221210,Hafiz Permana,hafiz.permana3742@gmail.com,087750136384,Islam,"Jl. Teuku Umar No.63, RT 17/RW 02, Bantul, DI Yogyakarta",Laki-laki,"Bantul, 24/07/2005",2022,MA Swasta Cendekia Bantul
CM000452,6572643589,3174468178388495,Evan Nasution,evan.nasution5592@gmail.com,082249350323,Islam,"Jl. Sudirman No.72, RT 06/RW 09, Jakarta Selatan, DKI Jakarta",Laki-laki,"Jakarta Selatan, 07/04/2005",2024,SMA Swasta 14 Jakarta Selatan
CM000453,9805622063,1371423161148186,Dwita Nuraini,dwita.nuraini7525@gmail.com,081539723336,Islam,"Jl. Imam Bonjol No.85, RT 06/RW 06, Padang, Sumatera Barat",Perempuan,"Padang, 28/08/2003",2022,MAN Sudirman Padang
CM000454,5745113736,5171445357270435,Raka Situmorang,raka.situmorang8942@gmail.com,089758900201,Hindu,"Jl. Cut Nyak Dien No.158, RT 08/RW 01, Denpasar, Bali",Laki-laki,"Denpasar, 23/05/2006",2025,MA Negeri Hasanuddin Denpasar
CM000455,5820771909,9471410856185408,Adinda Hakim,adinda.hakim6304@gmail.com,082388930253,Islam,"Jl. Teuku Umar No.130, RT 15/RW 03, Jayapura, Papua",Perempuan,"Jayapura, 03/09/2005",2024,SMKN 12 Jayapura
CM000456,1611106246,3674972997571069,Amelia Yulianto,amelia.yulianto2406@gmail.com,081486534163,Islam,"Jl. Ahmad Yani No.15, RT 05/RW 01, Tangerang Selatan, Banten",Perempuan,"Tangerang Selatan, 11/10/2007",2024,MA Swasta 18 Tangerang Selatan
CM000457,6212061946,3671138783802324,Guntur Purnomo,guntur.purnomo1921@gmail.com,088168683011,Islam,"Jl. Teuku Umar No.88, RT 05/RW 10, Tangerang, Banten",Laki-laki,"Tangerang, 25/03/2004",2023,SMA Negeri 1 Tangerang
CM000458,1793305318,5171282516123413,Budi Handayani,budi.handayani5903@gmail.com,087725906398,Islam,"Jl. Tentara Pelajar No.5, RT 03/RW 07, Denpasar, Bali",Laki-laki,"Denpasar, 14/02/2004",2022,SMA Negeri 1 Denpasar
CM000459,6268106191,8172345870863326,Ahmad Prasetyo,ahmad.prasetyo4738@gmail.com,085652505082,Kristen,"Jl. Teuku Umar No.76, RT 15/RW 05, Tual, Maluku",Laki-laki,"Tual, 20/05/2004",2023,SMAN 2 Tual
CM000460,5002239747,1375817787774895,Zaki Suryadi,zaki.suryadi5351@gmail.com,085367539335,Islam,"Jl. Imam Bonjol No.175, RT 20/RW 03, Pariaman, Sumatera Barat",Laki-laki,"Pariaman, 24/12/2006",2023,MA Swasta 14 Pariaman
CM000461,3493386385,3404221672588383,Adinda Wardana,adinda.wardana4644@gmail.com,081222216969,Islam,"Jl. Diponegoro No.1, RT 10/RW 06, Sleman, DI Yogyakarta",Perempuan,"Sleman, 09/10/2006",2025,SMK Negeri 13 Sleman
CM000462,8973180382,5171689132069297,Bhanu Hasan,bhanu.hasan2811@gmail.com,089640337474,Islam,"Jl. Diponegoro No.77, RT 14/RW 09, Denpasar, Bali",Laki-laki,"Denpasar, 18/06/2005",2024,SMA Negeri 7 Denpasar
CM000463,6383755645,9407337532230731,Nanda Sinaga,nanda.sinaga6695@gmail.com,085308032859,Kristen,"Jl. Raya Utama No.173, RT 04/RW 02, Mimika, Papua",Laki-laki,"Mimika, 09/11/2006",2023,SMA Negeri Muhammadiyah Mimika
CM000464,1082274833,7371454118881876,Zelda Siregar,zelda.siregar8284@gmail.com,085240912973,Islam,"Jl. Merdeka No.52, RT 02/RW 03, Makassar, Sulawesi Selatan",Perempuan,"Makassar, 25/03/2005",2023,MA Swasta Hasanuddin Makassar
CM000465,2896225531,3275850173962238,Umar Prasetyo,umar.prasetyo2126@gmail.com,081665303345,Islam,"Jl. Panglima Besar No.50, RT 18/RW 01, Bekasi, Jawa Barat",Laki-laki,"Bekasi, 02/02/2004",2022,SMK Negeri Unggulan Bekasi
CM000466,0109654903,9271183734377222,Fika Gunawan,fika.gunawan3900@gmail.com,081414339419,Islam,"Jl. Diponegoro No.98, RT 10/RW 01, Sorong, Papua",Perempuan,"Sorong, 08/10/2005",2024,MA Swasta 8 Sorong
CM000467,6618937333,6402745182020430,Arya Ardiansyah,arya.ardiansyah2085@gmail.com,083124085640,Katolik,"Jl. Pahlawan No.190, RT 10/RW 10, Kutai Kartanegara, Kalimantan Timur",Laki-laki,"Kutai Kartanegara, 08/02/2005",2024,SMK Swasta Unggulan Kutai Kartanegara
CM000468,8426198546,7174519714626026,Cahaya Ibrahim,cahaya.ibrahim8382@gmail.com,087897634444,Islam,"Jl. Diponegoro No.47, RT 14/RW 09, Kotamobagu, Sulawesi Utara",Perempuan,"Kotamobagu, 19/04/2007",2025,SMA Negeri Budi Utomo Kotamobagu
CM000469,6648811944,1472717671322350,Joko Nugroho,joko.nugroho4106@gmail.com,089855769528,Islam,"Jl. Sudirman No.138, RT 09/RW 05, Dumai, Riau",Laki-laki,"Dumai, 10/12/2006",2025,MA Swasta 21 Dumai
CM000470,5277633705,6472875616013071,Galih Iskandar,galih.iskandar726@gmail.com,085625899793,Islam,"Jl. Merdeka No.1, RT 02/RW 03, Balikpapan, Kalimantan Timur",Laki-laki,"Balikpapan, 19/11/2004",2023,MAN 25 Balikpapan
CM000471,7945967418,1472853917683381,Bella Lestari,bella.lestari7883@gmail.com,081481622068,Islam,"Jl. Raya Utama No.31, RT 16/RW 01, Dumai, Riau",Perempuan,"Dumai, 18/10/2006",2025,SMK Swasta 16 Dumai
CM000472,8224029938,1371088272901693,Tika Wahyuningsih,tika.wahyuningsih9159@gmail.com,081715548927,Islam,"Jl. Cut Nyak Dien No.109, RT 01/RW 06, Padang, Sumatera Barat",Perempuan,"Padang, 14/02/2005",2024,SMKN 21 Padang
CM000473,6347940869,3672141880259056,Okvia Puspitasari,okvia.puspitasari2822@gmail.com,081413168829,Islam,"Jl. Diponegoro No.169, RT 01/RW 02, Cilegon, Banten",Perempuan,"Cilegon, 19/11/2006",2025,SMKN 2 Cilegon
CM000474,2493240311,3575166726919889,Maulana Permana,maulana.permana5769@gmail.com,081245242713,Islam,"Jl. Imam Bonjol No.134, RT 15/RW 02, Madiun, Jawa Timur",Laki-laki,"Madiun, 04/04/2006",2024,SMA Negeri Sudirman Madiun
CM000475,3904872021,9471621726140457,Intan Putranto,intan.putranto6675@gmail.com,082217050005,Islam,"Jl. Diponegoro No.101, RT 18/RW 04, Jayapura, Papua",Perempuan,"Jayapura, 24/08/2003",2022,SMAN Muhammadiyah Jayapura
CM000476,4003811679,5103846631282589,Sinta Hartono,sinta.hartono6647@gmail.com,089788929378,Islam,"Jl. Raya Utama No.138, RT 01/RW 01, Tabanan, Bali",Perempuan,"Tabanan, 20/02/2007",2024,SMK Negeri Ahmad Dahlan Tabanan
CM000477,0149917676,5271959234819632,Mirza Hartono,mirza.hartono8867@gmail.com,089823843429,Islam,"Jl. Pemuda No.5, RT 02/RW 01, Mataram, Nusa Tenggara Barat",Laki-laki,"Mataram, 20/10/2005",2022,SMKN Terpadu Mataram
CM000478,6500270260,1402172187665254,Uswah Suryadi,uswah.suryadi6465@gmail.com,088194582542,Islam,"Jl. Raya Utama No.142, RT 09/RW 04, Bengkalis, Riau",Perempuan,"Bengkalis, 04/12/2006",2025,MA Negeri Ahmad Dahlan Bengkalis
CM000479,6429599970,3404761318551997,Danang Sinaga,danang.sinaga6689@gmail.com,088262244627,Islam,"Jl. Soekarno Hatta No.143, RT 04/RW 07, Sleman, DI Yogyakarta",Laki-laki,"Sleman, 13/09/2003",2022,MAN 3 Sleman
CM000480,3365221371,1402655818955958,Citra Sudirman,citra.sudirman3927@gmail.com,083865164217,Islam,"Jl. Gatot Subroto No.119, RT 11/RW 02, Bengkalis, Riau",Perempuan,"Bengkalis, 20/10/2005",2023,SMA Swasta 13 Bengkalis
CM000481,2798906222,3376002208000269,Rahma Siregar,rahma.siregar6892@gmail.com,081755303729,Katolik,"Jl. Pemuda No.106, RT 01/RW 10, Tegal, Jawa Tengah",Perempuan,"Tegal, 27/08/2005",2022,SMK Swasta 19 Tegal
CM000482,4689779281,1173930694871610,Rahma Puspitasari,rahma.puspitasari3354@gmail.com,089998099608,Islam,"Jl. Panglima Besar No.141, RT 07/RW 09, Sabang, Aceh",Perempuan,"Sabang, 10/03/2005",2024,MA Swasta Harapan Bangsa Sabang
CM000483,1741234465,5102824213591535,Salsa Adiputra,salsa.adiputra7611@gmail.com,085658300134,Islam,"Jl. Pemuda No.83, RT 17/RW 01, Badung, Bali",Perempuan,"Badung, 12/08/2005",2023,MA Negeri 5 Badung
CM000484,2667086245,3173647681192981,Nurul Lestari,nurul.lestari9753@gmail.com,082143862699,Kristen,"Jl. Sisingamangaraja No.76, RT 07/RW 06, Jakarta Barat, DKI Jakarta",Laki-laki,"Jakarta Barat, 21/06/2003",2022,SMAN Diponegoro Jakarta Barat
CM000485,3069933905,3674643369189099,Zara Yulianto,zara.yulianto5337@gmail.com,081109220600,Islam,"Jl. Sultan Agung No.180, RT 16/RW 07, Tangerang Selatan, Banten",Perempuan,"Tangerang Selatan, 27/02/2003",2022,MA Swasta Terpadu Tangerang Selatan
CM000486,1598297625,5108882338083670,Ayu Hidayat,ayu.hidayat4582@gmail.com,089791862074,Hindu,"Jl. Sudirman No.80, RT 01/RW 02, Karangasem, Bali",Perempuan,"Karangasem, 12/11/2005",2024,SMA Negeri Ahmad Dahlan Karangasem
CM000487,7175124000,7174295323665005,Jefri Anggraini,jefri.anggraini2209@gmail.com,087887730534,Kristen,"Jl. Soekarno Hatta No.88, RT 07/RW 06, Kotamobagu, Sulawesi Utara",Laki-laki,"Kotamobagu, 21/11/2004",2023,MA Negeri 7 Kotamobagu
CM000488,8742895139,1174880499600293,Melati Wahyuningsih,melati.wahyuningsih6959@gmail.com,081149706609,Islam,"Jl. Panglima Besar No.153, RT 10/RW 10, Langsa, Aceh",Perempuan,"Langsa, 09/07/2006",2024,MA Negeri Al-Azhar Langsa
CM000489,8600778801,1371773024271031,Sandi Wibowo,sandi.wibowo3553@gmail.com,089728037591,Kristen,"Jl. Sudirman No.138, RT 11/RW 06, Padang, Sumatera Barat",Laki-laki,"Padang, 28/06/2006",2023,SMA Swasta 12 Padang
CM000490,3613794721,7171317905098789,Budi Soetomo,budi.soetomo1120@gmail.com,085599355398,Islam,"Jl. Sudirman No.119, RT 03/RW 03, Manado, Sulawesi Utara",Laki-laki,"Manado, 04/10/2006",2025,SMKN 1 Manado
CM000491,4696825716,3373513472236553,Xena Oktaviani,xena.oktaviani8644@gmail.com,081623273427,Islam,"Jl. Teuku Umar No.121, RT 15/RW 03, Salatiga, Jawa Tengah",Perempuan,"Salatiga, 04/09/2006",2023,SMA Negeri 14 Salatiga
CM000492,7421463567,3673638679639035,Muhammad Hidayat,muhammad.hidayat3534@gmail.com,088191490075,Islam,"Jl. Pahlawan No.175, RT 07/RW 03, Serang, Banten",Laki-laki,"Serang, 02/01/2005",2023,SMK Negeri 17 Serang
CM000493,4980331884,9271954986278133,Ummu Wardana,ummu.wardana9425@gmail.com,081395116449,Kristen,"Jl. Pahlawan No.2, RT 07/RW 05, Sorong, Papua",Perempuan,"Sorong, 16/10/2008",2025,MA Swasta Harapan Bangsa Sorong
CM000494,8155713486,9471469003130858,Eka Oktavia,eka.oktavia8140@gmail.com,082330601820,Islam,"Jl. Soekarno Hatta No.100, RT 08/RW 10, Jayapura, Papua",Perempuan,"Jayapura, 10/06/2007",2024,SMA Swasta Hasanuddin Jayapura
CM000495,9675742476,7372129316797156,Okta Siregar,okta.siregar9989@gmail.com,089669703578,Kristen,"Jl. RE. Martadinata No.95, RT 09/RW 08, Parepare, Sulawesi Selatan",Laki-laki,"Parepare, 01/12/2006",2024,MA Swasta 24 Parepare
CM000496,1505607012,5271847741362810,Yoga Siregar,yoga.siregar1009@gmail.com,089830205241,Islam,"Jl. Pahlawan No.72, RT 02/RW 03, Mataram, Nusa Tenggara Barat",Laki-laki,"Mataram, 08/09/2006",2023,SMA Swasta 15 Mataram
CM000497,8122089967,5103771781572928,Hadi Hutapea,hadi.hutapea7664@gmail.com,081888372595,Islam,"Jl. Sudirman No.43, RT 05/RW 09, Tabanan, Bali",Laki-laki,"Tabanan, 08/02/2007",2024,SMA Swasta Unggulan Tabanan
CM000498,2704157145,3372292367868056,Cinta Sinaga,cinta.sinaga1435@gmail.com,081105943021,Islam,"Jl. Sisingamangaraja No.58, RT 02/RW 01, Surakarta, Jawa Tengah",Perempuan,"Surakarta, 18/11/2005",2024,SMK Swasta Gajah Mada Surakarta
CM000499,1274437196,1401240523991734,Wulan Nuraini,wulan.nuraini2213@gmail.com,089824821862,Islam,"Jl. Diponegoro No.157, RT 07/RW 05, Kampar, Riau",Perempuan,"Kampar, 11/02/2007",2024,MA Negeri 15 Kampar
CM000500,1048242996,3375029473776413,Viola Nasution,viola.nasution7436@gmail.com,081753820950,Islam,"Jl. Raya Utama No.42, RT 01/RW 09, Pekalongan, Jawa Tengah",Perempuan,"Pekalongan, 17/02/2006",2024,SMAN Terpadu Pekalongan
CM000501,4112219985,9471246169408089,Rahma Sudirman,rahma.sudirman9400@gmail.com,088267548635,Islam,"Jl. Soekarno Hatta No.166, RT 05/RW 03, Jayapura, Papua",Perempuan,"Jayapura, 05/03/2007",2024,SMA Negeri 8 Jayapura
CM000502,9069326780,3376054810150414,Vina Fitriani,vina.fitriani6266@gmail.com,085504708917,Konghucu,"Jl. Sultan Agung No.194, RT 03/RW 05, Tegal, Jawa Tengah",Perempuan,"Tegal, 15/09/2005",2024,SMK Negeri 11 Tegal
CM000503,0841670372,5272305401411510,Ulfa Kusuma,ulfa.kusuma481@gmail.com,081917761001,Islam,"Jl. Soekarno Hatta No.153, RT 12/RW 09, Bima, Nusa Tenggara Barat",Perempuan,"Bima, 17/10/2005",2023,SMK Negeri Budi Utomo Bima
CM000504,7496916824,1472968637884031,Sinta Wibowo,sinta.wibowo7852@gmail.com,082180729718,Islam,"Jl. Veteran No.127, RT 10/RW 07, Dumai, Riau",Perempuan,"Dumai, 17/02/2004",2023,MA Negeri 9 Dumai
CM000505,6003928398,1372234241048856,Umar Pratama,umar.pratama2017@gmail.com,081775513946,Islam,"Jl. Sisingamangaraja No.185, RT 14/RW 07, Bukittinggi, Sumatera Barat",Laki-laki,"Bukittinggi, 14/04/2005",2022,SMK Negeri Budi Utomo Bukittinggi
CM000506,5490903873,1472475119332293,Zaki Wibowo,zaki.wibowo3907@gmail.com,085221759419,Islam,"Jl. MT. Haryono No.3, RT 20/RW 01, Dumai, Riau",Laki-laki,"Dumai, 10/07/2007",2024,MAN 18 Dumai
CM000507,0865642449,8171365645352724,Sandi Nugroho,sandi.nugroho8170@gmail.com,085254826360,Islam,"Jl. Tentara Pelajar No.164, RT 07/RW 06, Ambon, Maluku",Laki-laki,"Ambon, 06/09/2004",2023,MA Negeri Kartini Ambon
CM000508,0010747024,7372993954637395,Indah Sinaga,indah.sinaga4366@gmail.com,089531859929,Kristen,"Jl. MT. Haryono No.189, RT 06/RW 09, Parepare, Sulawesi Selatan",Perempuan,"Parepare, 18/11/2005",2024,SMA Swasta 15 Parepare
CM000509,5699018634,3173210543131949,Citra Azzahra,citra.azzahra9548@gmail.com,088208146000,Islam,"Jl. Teuku Umar No.2, RT 07/RW 05, Jakarta Barat, DKI Jakarta",Perempuan,"Jakarta Barat, 18/07/2008",2025,SMK Negeri 5 Jakarta Barat
CM000510,4345534735,3672573429435441,Dedy Nuraini,dedy.nuraini9766@gmail.com,085876303541,Islam,"Jl. Soekarno Hatta No.195, RT 18/RW 08, Cilegon, Banten",Laki-laki,"Cilegon, 09/12/2006",2024,MA Negeri 11 Cilegon
CM000511,3320319420,3403232358091169,Prima Salim,prima.salim3677@gmail.com,081905759458,Islam,"Jl. Diponegoro No.189, RT 06/RW 06, Gunung Kidul, DI Yogyakarta",Laki-laki,"Gunung Kidul, 17/06/2004",2023,MA Swasta Islam Terpadu Gunung Kidul
CM000512,5140997188,3174106274975068,Tiara Firmansyah,tiara.firmansyah4276@gmail.com,081509016349,Islam,"Jl. RE. Martadinata No.155, RT 19/RW 03, Jakarta Selatan, DKI Jakarta",Perempuan,"Jakarta Selatan, 19/09/2006",2024,SMK Negeri 11 Jakarta Selatan
CM000513,0514207182,3202026954394473,Melati Pamungkas,melati.pamungkas8095@gmail.com,081496219359,Islam,"Jl. Sudirman No.58, RT 09/RW 08, Sukabumi, Jawa Barat",Perempuan,"Sukabumi, 20/03/2008",2025,SMK Swasta Budi Utomo Sukabumi
CM000514,4399788650,1801604859966619,Annisa Hartono,annisa.hartono1461@gmail.com,081922004810,Islam,"Jl. Pahlawan No.29, RT 14/RW 05, Lampung Selatan, Lampung",Perempuan,"Lampung Selatan, 28/06/2003",2022,MA Negeri Gajah Mada Lampung Selatan
CM000515,2937110807,1372074379062640,Binar Pamungkas,binar.pamungkas4223@gmail.com,088106197492,Islam,"Jl. Pemuda No.26, RT 06/RW 05, Bukittinggi, Sumatera Barat",Perempuan,"Bukittinggi, 05/09/2005",2024,SMA Negeri Plus Bukittinggi
CM000516,7754540861,3571326991789845,Tari Wahyudi,tari.wahyudi3719@gmail.com,089744026160,Islam,"Jl. Diponegoro No.198, RT 07/RW 04, Kediri, Jawa Timur",Perempuan,"Kediri, 03/08/2004",2022,SMAN Islam Terpadu Kediri
CM000517,5623969133,6471203372993655,Eko Kusuma,eko.kusuma5407@gmail.com,081967822248,Islam,"Jl. Ahmad Yani No.199, RT 02/RW 04, Samarinda, Kalimantan Timur",Laki-laki,"Samarinda, 24/12/2006",2025,SMA Swasta 10 Samarinda
CM000518,2707658750,1872923540206580,Okvia Hermawan,okvia.hermawan6371@gmail.com,085818004993,Islam,"Jl. Sudirman No.131, RT 09/RW 02, Metro, Lampung",Perempuan,"Metro, 15/10/2008",2025,MA Swasta Plus Metro
CM000519,4706251767,9271803837089066,Zelda Lubis,zelda.lubis9071@gmail.com,085776875592,Islam,"Jl. Cut Nyak Dien No.10, RT 13/RW 05, Sorong, Papua",Perempuan,"Sorong, 04/12/2004",2023,SMAN Muhammadiyah Sorong
CM000520,5559027634,8171169434796758,Agus Handayani,agus.handayani416@gmail.com,089981492694,Islam,"Jl. Pahlawan No.137, RT 16/RW 08, Ambon, Maluku",Laki-laki,"Ambon, 27/03/2006",2023,SMKN Insan Kamil Ambon
CM000521,0945572122,1274820149680647,Udin Soetomo,udin.soetomo4408@gmail.com,085678944879,Islam,"Jl. Sudirman No.124, RT 14/RW 07, Tebing Tinggi, Sumatera Utara",Laki-laki,"Tebing Tinggi, 25/06/2007",2025,SMKN 21 Tebing Tinggi
CM000522,3932903668,7174773179159008,Taufik Wahyudi,taufik.wahyudi2320@gmail.com,089509731931,Islam,"Jl. Sisingamangaraja No.69, RT 03/RW 01, Kotamobagu, Sulawesi Utara",Laki-laki,"Kotamobagu, 19/03/2005",2023,MA Negeri 25 Kotamobagu
CM000523,1109862699,7308723525650931,Rina Nugraha,rina.nugraha5586@gmail.com,085837274266,Islam,"Jl. Pemuda No.184, RT 18/RW 01, Bone, Sulawesi Selatan",Perempuan,"Bone, 23/05/2007",2024,SMK Swasta 11 Bone
CM000524,2344194725,3403552621842567,Budi Manurung,budi.manurung9302@gmail.com,081147355839,Islam,"Jl. Soekarno Hatta No.200, RT 05/RW 03, Gunung Kidul, DI Yogyakarta",Laki-laki,"Gunung Kidul, 20/07/2006",2025,MA Negeri Al-Azhar Gunung Kidul
CM000525,2275866969,1871154066440872,Kartika Rahayu,kartika.rahayu3367@gmail.com,081514183190,Islam,"Jl. Cut Nyak Dien No.7, RT 10/RW 03, Bandar Lampung, Lampung",Perempuan,"Bandar Lampung, 20/08/2007",2025,MAN Kartini Bandar Lampung
CM000526,4229827800,5104414488066717,Agus Suharto,agus.suharto5655@gmail.com,089516884912,Islam,"Jl. Veteran No.106, RT 03/RW 05, Gianyar, Bali",Laki-laki,"Gianyar, 07/05/2006",2023,SMK Negeri 20 Gianyar
CM000527,7996221568,6474582281600023,Faisal Pratama,faisal.pratama5298@gmail.com,085638714506,Katolik,"Jl. Raya Utama No.112, RT 16/RW 04, Bontang, Kalimantan Timur",Laki-laki,"Bontang, 02/09/2004",2022,MAN 13 Bontang
CM000528,8552988446,3403588840213673,Nurul Sihombing,nurul.sihombing4685@gmail.com,085306173008,Islam,"Jl. Diponegoro No.188, RT 19/RW 04, Gunung Kidul, DI Yogyakarta",Perempuan,"Gunung Kidul, 15/12/2005",2023,MA Swasta 16 Gunung Kidul
CM000529,2226161373,1471344813643748,Vino Oktaviani,vino.oktaviani8065@gmail.com,081602630169,Katolik,"Jl. Panglima Besar No.170, RT 14/RW 07, Pekanbaru, Riau",Laki-laki,"Pekanbaru, 13/11/2006",2023,SMK Negeri 17 Pekanbaru
CM000530,2459571185,7174265387931041,Clara Salim,clara.salim4533@gmail.com,085592919041,Islam,"Jl. Teuku Umar No.180, RT 15/RW 01, Kotamobagu, Sulawesi Utara",Perempuan,"Kotamobagu, 07/11/2006",2024,SMK Negeri Diponegoro Kotamobagu
CM000531,0882713575,3674555241644514,Kartika Hakim,kartika.hakim6637@gmail.com,085289584828,Islam,"Jl. Raya Utama No.138, RT 10/RW 04, Tangerang Selatan, Banten",Perempuan,"Tangerang Selatan, 01/09/2007",2024,SMA Swasta Terpadu Tangerang Selatan
CM000532,2608872543,3401022541511174,Vian Sinaga,vian.sinaga9176@gmail.com,087805401391,Islam,"Jl. Tentara Pelajar No.84, RT 09/RW 05, Kulon Progo, DI Yogyakarta",Laki-laki,"Kulon Progo, 03/01/2005",2024,SMK Negeri Pembangunan Kulon Progo
CM000533,4322456378,5103431531149523,Erwin Iskandar,erwin.iskandar2424@gmail.com,085713845877,Islam,"Jl. RE. Martadinata No.163, RT 04/RW 08, Tabanan, Bali",Laki-laki,"Tabanan, 11/03/2005",2022,MAN Plus Tabanan
CM000534,2064558310,8171173828547777,Irfan Adiputra,irfan.adiputra5689@gmail.com,085740283384,Hindu,"Jl. MT. Haryono No.5, RT 04/RW 07, Ambon, Maluku",Laki-laki,"Ambon, 03/12/2006",2024,SMAN 2 Ambon
CM000535,7790285947,8101374550025941,Vina Wijaya,vina.wijaya224@gmail.com,088219447126,Islam,"Jl. Pemuda No.163, RT 02/RW 09, Maluku Tengah, Maluku",Perempuan,"Maluku Tengah, 17/03/2005",2024,SMA Swasta 23 Maluku Tengah
CM000536,9850579655,1174802693163067,Cipto Wijaya,cipto.wijaya5897@gmail.com,081494403041,Islam,"Jl. Sultan Agung No.35, RT 01/RW 04, Langsa, Aceh",Laki-laki,"Langsa, 15/11/2005",2023,SMA Swasta Ahmad Dahlan Langsa
CM000537,5930002750,3401154233522742,Desi Kurniasih,desi.kurniasih1910@gmail.com,085218810871,Islam,"Jl. MT. Haryono No.135, RT 15/RW 06, Kulon Progo, DI Yogyakarta",Perempuan,"Kulon Progo, 14/04/2007",2024,MA Negeri 1 Kulon Progo
CM000538,5214900088,9471337987921067,Willy Salim,willy.salim7216@gmail.com,082363886356,Islam,"Jl. Raya Utama No.176, RT 20/RW 06, Jayapura, Papua",Laki-laki,"Jayapura, 24/05/2005",2022,SMA Negeri Kartini Jayapura
CM000539,6585521265,7174608683571247,Wulan Situmorang,wulan.situmorang4350@gmail.com,087741428137,Islam,"Jl. Sudirman No.101, RT 15/RW 03, Kotamobagu, Sulawesi Utara",Perempuan,"Kotamobagu, 26/03/2004",2022,MA Negeri Nusantara Kotamobagu
CM000540,2317791120,3174780308916110,Nita Sihombing,nita.sihombing3566@gmail.com,089533729877,Islam,"Jl. Brigjen Katamso No.154, RT 05/RW 06, Jakarta Selatan, DKI Jakarta",Perempuan,"Jakarta Selatan, 24/05/2006",2023,MAN Ahmad Dahlan Jakarta Selatan
CM000541,2524605086,1801975715787440,Endah Lubis,endah.lubis1538@gmail.com,081640744313,Islam,"Jl. Cut Nyak Dien No.43, RT 10/RW 08, Lampung Selatan, Lampung",Perempuan,"Lampung Selatan, 08/08/2005",2024,MA Swasta 4 Lampung Selatan
CM000542,6579592725,3401093696176423,Danang Ardiansyah,danang.ardiansyah3728@gmail.com,088255713783,Kristen,"Jl. Hayam Wuruk No.134, RT 11/RW 03, Kulon Progo, DI Yogyakarta",Laki-laki,"Kulon Progo, 03/12/2004",2023,SMA Negeri 8 Kulon Progo
CM000543,1152200570,1172037536887817,Salsa Santoso,salsa.santoso3947@gmail.com,088253650677,Islam,"Jl. Veteran No.80, RT 11/RW 06, Lhokseumawe, Aceh",Perempuan,"Lhokseumawe, 07/04/2006",2023,SMKN Pembangunan Lhokseumawe
CM000544,7877639556,3371775840083687,Yoga Firmansyah,yoga.firmansyah7266@gmail.com,085863251905,Islam,"Jl. Brigjen Katamso No.33, RT 17/RW 01, Magelang, Jawa Tengah",Laki-laki,"Magelang, 13/01/2005",2024,SMKN 24 Magelang
CM000545,5317150748,8101237289403202,Keisha Adiputra,keisha.adiputra7311@gmail.com,088150760334,Islam,"Jl. Pemuda No.40, RT 18/RW 04, Maluku Tengah, Maluku",Perempuan,"Maluku Tengah, 19/07/2005",2024,MAN 13 Maluku Tengah
CM000546,6285323846,3574641584706022,Priska Hutapea,priska.hutapea3846@gmail.com,081559551842,Islam,"Jl. Sudirman No.149, RT 14/RW 04, Probolinggo, Jawa Timur",Perempuan,"Probolinggo, 17/06/2005",2022,SMA Swasta 19 Probolinggo
CM000547,4058828322,7172047018294282,Citra Anggraini,citra.anggraini7282@gmail.com,087722249870,Islam,"Jl. Cut Nyak Dien No.38, RT 06/RW 10, Bitung, Sulawesi Utara",Perempuan,"Bitung, 26/10/2007",2025,MA Negeri Insan Kamil Bitung
CM000548,1157129752,8172587271269450,Cipto Manurung,cipto.manurung982@gmail.com,081226448953,Islam,"Jl. Veteran No.195, RT 02/RW 06, Tual, Maluku",Laki-laki,"Tual, 13/02/2006",2024,SMAN Pancasila Tual
CM000549,4195270608,1173215489889466,Gilang Susanto,gilang.susanto5528@gmail.com,089892515750,Islam,"Jl. Diponegoro No.6, RT 19/RW 01, Sabang, Aceh",Laki-laki,"Sabang, 11/09/2008",2025,SMA Swasta 14 Sabang
CM000550,9917247153,3572139087241559,Zulfa Sudirman,zulfa.sudirman5079@gmail.com,081124420639,Islam,"Jl. Tentara Pelajar No.77, RT 18/RW 09, Blitar, Jawa Timur",Laki-laki,"Blitar, 19/01/2005",2024,SMAN 23 Blitar
CM000551,2392006274,1173906785375886,Citra Ramadhan,citra.ramadhan9928@gmail.com,082103392073,Islam,"Jl. Hayam Wuruk No.132, RT 05/RW 04, Sabang, Aceh",Perempuan,"Sabang, 02/02/2004",2023,MA Swasta 9 Sabang
CM000552,3376570289,3401970240943981,Surya Puspitasari,surya.puspitasari935@gmail.com,087754273593,Islam,"Jl. Merdeka No.2, RT 15/RW 07, Kulon Progo, DI Yogyakarta",Laki-laki,"Kulon Progo, 21/07/2005",2023,MAN Cendekia Kulon Progo
CM000553,7794523786,1172837350961343,Kevin Gunawan,kevin.gunawan2318@gmail.com,082247618106,Islam,"Jl. Pahlawan No.43, RT 15/RW 02, Lhokseumawe, Aceh",Laki-laki,"Lhokseumawe, 14/11/2007",2024,SMK Negeri 16 Lhokseumawe
CM000554,0837130092,1872579360931351,Arif Firmansyah,arif.firmansyah1299@gmail.com,081499281550,Islam,"Jl. Merdeka No.18, RT 11/RW 06, Metro, Lampung",Laki-laki,"Metro, 01/02/2007",2025,MAN Plus Metro
CM000555,6643986430,1174380722460100,Okvia Hasan,okvia.hasan7402@gmail.com,081764426014,Islam,"Jl. Sultan Agung No.176, RT 12/RW 02, Langsa, Aceh",Perempuan,"Langsa, 16/01/2003",2022,SMKN 19 Langsa
CM000556,7652014074,6402025953333813,Sigit Ramadhani,sigit.ramadhani7224@gmail.com,082264307272,Islam,"Jl. Imam Bonjol No.165, RT 20/RW 10, Kutai Kartanegara, Kalimantan Timur",Laki-laki,"Kutai Kartanegara, 18/09/2004",2023,SMA Negeri 23 Kutai Kartanegara
CM000557,9563957893,1401140637708513,Hafiz Kurniawan,hafiz.kurniawan6093@gmail.com,089899738896,Islam,"Jl. Raya Utama No.94, RT 18/RW 01, Kampar, Riau",Laki-laki,"Kampar, 03/09/2006",2023,SMK Swasta Pembangunan Kampar
CM000558,7494074902,1272061058816632,Danang Yulianto,danang.yulianto1314@gmail.com,081182057166,Islam,"Jl. Sultan Agung No.56, RT 17/RW 02, Pematangsiantar, Sumatera Utara",Laki-laki,"Pematangsiantar, 16/01/2005",2023,MA Negeri Pancasila Pematangsiantar
CM000559,4550572921,6472315084798370,Dwi Hartono,dwi.hartono2632@gmail.com,087779489071,Islam,"Jl. Veteran No.41, RT 15/RW 02, Balikpapan, Kalimantan Timur",Laki-laki,"Balikpapan, 09/07/2004",2020,SMK Negeri 15 Balikpapan
CM000560,5708405384,6471677924749404,Aldi Sudirman,aldi.sudirman9403@gmail.com,081282671453,Kristen,"Jl. Tentara Pelajar No.69, RT 06/RW 03, Samarinda, Kalimantan Timur",Laki-laki,"Samarinda, 01/06/2004",2023,SMK Swasta Sudirman Samarinda
CM000561,2604579051,1801658931112200,Adinda Safitri,adinda.safitri3281@gmail.com,089595974929,Islam,"Jl. MT. Haryono No.9, RT 07/RW 07, Lampung Selatan, Lampung",Perempuan,"Lampung Selatan, 20/12/2006",2023,SMK Negeri 14 Lampung Selatan
CM000562,3697591201,3171068562599772,Cantika Wijaya,cantika.wijaya9356@gmail.com,083157744539,Islam,"Jl. Panglima Besar No.76, RT 05/RW 04, Jakarta Pusat, DKI Jakarta",Perempuan,"Jakarta Pusat, 07/01/2005",2024,MAN 10 Jakarta Pusat
CM000563,7204859508,1171474113914048,Anggun Sinaga,anggun.sinaga3265@gmail.com,088221346274,Islam,"Jl. Panglima Besar No.76, RT 16/RW 05, Banda Aceh, Aceh",Perempuan,"Banda Aceh, 19/03/2008",2025,SMA Swasta Diponegoro Banda Aceh
CM000564,0896265501,9271760380964240,Rara Salim,rara.salim4906@gmail.com,089785132711,Islam,"Jl. Panglima Besar No.188, RT 07/RW 07, Sorong, Papua",Perempuan,"Sorong, 12/01/2006",2023,MA Swasta Diponegoro Sorong
CM000565,9603932718,1275827886002953,Leo Hidayat,leo.hidayat3268@gmail.com,085747274800,Islam,"Jl. Brigjen Katamso No.179, RT 19/RW 06, Medan, Sumatera Utara",Laki-laki,"Medan, 01/05/2007",2025,SMKN Hasanuddin Medan
CM000566,6405765730,1871060870721381,Nurul Manurung,nurul.manurung4474@gmail.com,081599981579,Islam,"Jl. Pahlawan No.21, RT 18/RW 07, Bandar Lampung, Lampung",Perempuan,"Bandar Lampung, 07/04/2006",2024,MA Swasta 13 Bandar Lampung
CM000567,6251379120,7174663420138829,Okta Wardana,okta.wardana1442@gmail.com,081968217017,Islam,"Jl. Soekarno Hatta No.194, RT 18/RW 01, Kotamobagu, Sulawesi Utara",Laki-laki,"Kotamobagu, 18/04/2006",2024,SMA Swasta 18 Kotamobagu
CM000568,2922212078,3373244317740683,Teguh Oktaviani,teguh.oktaviani8740@gmail.com,087778972289,Hindu,"Jl. Ahmad Yani No.41, RT 07/RW 09, Salatiga, Jawa Tengah",Laki-laki,"Salatiga, 06/07/2004",2023,SMA Swasta 18 Salatiga
CM000569,6767832441,7172723757318694,Dani Lubis,dani.lubis4612@gmail.com,085875384520,Islam,"Jl. Pemuda No.55, RT 17/RW 07, Bitung, Sulawesi Utara",Laki-laki,"Bitung, 16/09/2006",2024,MA Negeri Insan Kamil Bitung
CM000570,7012200466,7306639095153904,Randy Sihombing,randy.sihombing2296@gmail.com,081867820830,Kristen,"Jl. Raya Utama No.48, RT 12/RW 01, Gowa, Sulawesi Selatan",Laki-laki,"Gowa, 01/07/2005",2024,MA Swasta Diponegoro Gowa
CM000571,1932479622,1272840523915983,Ragil Hasan,ragil.hasan2500@gmail.com,081263072892,Islam,"Jl. Sultan Agung No.68, RT 16/RW 05, Pematangsiantar, Sumatera Utara",Laki-laki,"Pematangsiantar, 24/05/2007",2025,SMK Swasta 14 Pematangsiantar
CM000572,8847397499,3673926927770533,Endah Wibowo,endah.wibowo4709@gmail.com,083199834650,Kristen,"Jl. Brigjen Katamso No.28, RT 12/RW 09, Serang, Banten",Perempuan,"Serang, 15/10/2004",2023,MAN 22 Serang
CM000573,1001426664,3171285642400986,Zaki Suharto,zaki.suharto2318@gmail.com,081817001796,Islam,"Jl. Pemuda No.22, RT 09/RW 09, Jakarta Pusat, DKI Jakarta",Laki-laki,"Jakarta Pusat, 01/01/2004",2022,SMK Swasta Pancasila Jakarta Pusat
CM000574,7239298855,3172984165554053,Tika Nasution,tika.nasution5041@gmail.com,088189318034,Islam,"Jl. Ahmad Yani No.161, RT 01/RW 10, Jakarta Utara, DKI Jakarta",Perempuan,"Jakarta Utara, 10/11/2007",2025,MA Negeri 5 Jakarta Utara
CM000575,9302113646,3302328289349781,Yovita Handayani,yovita.handayani2897@gmail.com,088210549437,Islam,"Jl. Ahmad Yani No.181, RT 14/RW 09, Purwokerto, Jawa Tengah",Perempuan,"Purwokerto, 24/04/2006",2025,SMA Negeri Gajah Mada Purwokerto
CM000576,1074791634,8171135715542215,Keisha Kurniawan,keisha.kurniawan242@gmail.com,085894968988,Islam,"Jl. Gatot Subroto No.158, RT 06/RW 03, Ambon, Maluku",Perempuan,"Ambon, 16/12/2006",2025,SMAN Muhammadiyah Ambon
CM000577,6887280772,3404583825380513,Nabila Kurniawan,nabila.kurniawan7027@gmail.com,087736022195,Hindu,"Jl. Brigjen Katamso No.46, RT 08/RW 04, Sleman, DI Yogyakarta",Perempuan,"Sleman, 12/02/2008",2025,SMK Swasta 23 Sleman
CM000578,9654345744,3371135087858909,Laras Rasyid,laras.rasyid9343@gmail.com,083123121454,Islam,"Jl. Teuku Umar No.127, RT 03/RW 05, Magelang, Jawa Tengah",Perempuan,"Magelang, 14/10/2008",2025,SMA Swasta 5 Magelang
CM000579,7594547135,1871526597772157,Faisal Ramadhan,faisal.ramadhan9040@gmail.com,085650792072,Islam,"Jl. Veteran No.154, RT 02/RW 10, Bandar Lampung, Lampung",Laki-laki,"Bandar Lampung, 11/09/2008",2025,MAN 15 Bandar Lampung
CM000580,8119012383,1371117703511852,Rara Budiman,rara.budiman3270@gmail.com,085680652178,Islam,"Jl. Veteran No.140, RT 14/RW 01, Padang, Sumatera Barat",Perempuan,"Padang, 13/12/2003",2022,SMA Swasta 15 Padang
CM000581,5279943084,7174103730746305,Hani Andriani,hani.andriani3548@gmail.com,083174474476,Islam,"Jl. Raya Utama No.80, RT 16/RW 08, Kotamobagu, Sulawesi Utara",Perempuan,"Kotamobagu, 19/05/2004",2023,SMA Negeri 6 Kotamobagu
CM000582,3018895813,1272246262814206,Cinta Anggraini,cinta.anggraini617@gmail.com,087834765544,Islam,"Jl. Soekarno Hatta No.52, RT 17/RW 08, Pematangsiantar, Sumatera Utara",Perempuan,"Pematangsiantar, 13/06/2007",2024,SMK Negeri 5 Pematangsiantar
CM000583,1859320717,3402341783940789,Dwita Putranto,dwita.putranto3680@gmail.com,089650611607,Islam,"Jl. Panglima Besar No.127, RT 16/RW 09, Bantul, DI Yogyakarta",Perempuan,"Bantul, 01/07/2005",2024,SMA Negeri Nusantara Bantul
CM000584,9877488285,3373749673827345,Faisal Santoso,faisal.santoso1550@gmail.com,082355601543,Islam,"Jl. Gatot Subroto No.126, RT 17/RW 04, Salatiga, Jawa Tengah",Laki-laki,"Salatiga, 18/09/2004",2022,MA Swasta Islam Terpadu Salatiga
CM000585,4476800505,5108833395677908,Clara Hasan,clara.hasan2998@gmail.com,087773642958,Islam,"Jl. Soekarno Hatta No.86, RT 08/RW 04, Karangasem, Bali",Perempuan,"Karangasem, 18/04/2006",2024,MA Swasta 19 Karangasem
CM000586,3247407023,7172897659852659,Fitri Nugraha,fitri.nugraha3682@gmail.com,081288802351,Islam,"Jl. Teuku Umar No.66, RT 10/RW 01, Bitung, Sulawesi Utara",Perempuan,"Bitung, 26/10/2008",2025,SMA Negeri Diponegoro Bitung
CM000587,7890328323,3674705321247856,Hafiz Andriani,hafiz.andriani6132@gmail.com,085235026536,Islam,"Jl. Gatot Subroto No.154, RT 06/RW 02, Tangerang Selatan, Banten",Laki-laki,"Tangerang Selatan, 26/02/2004",2022,SMKN Plus Tangerang Selatan
CM000588,4085688090,7172363060810964,Ika Sihombing,ika.sihombing6657@gmail.com,081594712667,Islam,"Jl. Panglima Besar No.13, RT 09/RW 08, Bitung, Sulawesi Utara",Perempuan,"Bitung, 17/02/2004",2023,MA Swasta 5 Bitung
CM000589,7887415290,1172089664192833,Cahyo Wardana,cahyo.wardana2469@gmail.com,085221564852,Islam,"Jl. Imam Bonjol No.15, RT 01/RW 09, Lhokseumawe, Aceh",Laki-laki,"Lhokseumawe, 27/12/2005",2023,SMA Negeri Islam Terpadu Lhokseumawe
CM000590,0540786400,1872838819022935,Danang Suryadi,danang.suryadi5258@gmail.com,089713028995,Islam,"Jl. Pahlawan No.53, RT 11/RW 01, Metro, Lampung",Laki-laki,"Metro, 12/11/2007",2024,SMAN 8 Metro
CM000591,1531179814,1372507799600037,Nita Wahyudi,nita.wahyudi7271@gmail.com,085333907394,Islam,"Jl. Sultan Agung No.120, RT 14/RW 07, Bukittinggi, Sumatera Barat",Perempuan,"Bukittinggi, 22/08/2005",2023,SMK Swasta Muhammadiyah Bukittinggi
CM000592,3273857514,1372106782372655,Wahyu Salim,wahyu.salim482@gmail.com,089965535679,Islam,"Jl. Raya Utama No.176, RT 17/RW 01, Bukittinggi, Sumatera Barat",Laki-laki,"Bukittinggi, 01/06/2007",2024,SMAN Pembangunan Bukittinggi
CM000593,8657944329,7373736244671966,Rizky Mulyadi,rizky.mulyadi5201@gmail.com,082246728121,Islam,"Jl. Imam Bonjol No.24, RT 19/RW 02, Palopo, Sulawesi Selatan",Laki-laki,"Palopo, 04/07/2005",2024,SMA Negeri 7 Palopo
CM000594,4284721877,5102945335127849,Dani Nugroho,dani.nugroho8218@gmail.com,081527778141,Islam,"Jl. Veteran No.79, RT 01/RW 01, Badung, Bali",Laki-laki,"Badung, 05/03/2008",2025,SMA Negeri Nusantara Badung
CM000595,7409361179,1274338291518464,Bhanu Putranto,bhanu.putranto6452@gmail.com,085350608747,Islam,"Jl. Panglima Besar No.69, RT 19/RW 01, Tebing Tinggi, Sumatera Utara",Laki-laki,"Tebing Tinggi, 14/06/2005",2024,SMA Swasta 9 Tebing Tinggi
CM000596,2721931549,1801838569841242,Yasmin Pratama,yasmin.pratama4250@gmail.com,089566881659,Islam,"Jl. Tentara Pelajar No.115, RT 18/RW 02, Lampung Selatan, Lampung",Perempuan,"Lampung Selatan, 25/11/2006",2023,SMK Negeri Muhammadiyah Lampung Selatan
CM000597,8243419512,3171906214535117,Chandra Gunawan,chandra.gunawan2053@gmail.com,085824217663,Islam,"Jl. RE. Martadinata No.148, RT 04/RW 02, Jakarta Pusat, DKI Jakarta",Laki-laki,"Jakarta Pusat, 22/01/2006",2024,SMKN Pancasila Jakarta Pusat
CM000598,7684766826,3672435201033700,Cinta Wibowo,cinta.wibowo4200@gmail.com,081867427096,Islam,"Jl. Diponegoro No.187, RT 19/RW 06, Cilegon, Banten",Perempuan,"Cilegon, 22/03/2007",2024,SMK Negeri 14 Cilegon
CM000599,0223088753,1401283229392834,Xena Rahayu,xena.rahayu1026@gmail.com,085226483759,Islam,"Jl. Veteran No.198, RT 06/RW 05, Kampar, Riau",Perempuan,"Kampar, 20/04/2005",2024,SMA Swasta Islam Terpadu Kampar
CM000600,8172470307,3672656363785905,Priska Sulistyowati,priska.sulistyowati857@gmail.com,081225415763,Islam,"Jl. Soekarno Hatta No.109, RT 06/RW 07, Cilegon, Banten",Perempuan,"Cilegon, 03/03/2004",2023,SMA Negeri Unggulan Cilegon
CM000601,0844682357,3273688910159331,Gracia Permana,gracia.permana1698@gmail.com,081881453191,Islam,"Jl. Pahlawan No.69, RT 09/RW 10, Bandung, Jawa Barat",Perempuan,"Bandung, 12/09/2006",2024,SMK Swasta Islam Terpadu Bandung
CM000602,1770051448,3576899000562041,Mirza Santoso,mirza.santoso9506@gmail.com,083100374214,Islam,"Jl. Sultan Agung No.98, RT 12/RW 09, Pasuruan, Jawa Timur",Laki-laki,"Pasuruan, 21/04/2004",2022,MAN Harapan Bangsa Pasuruan
CM000603,6915788972,1375442426543149,Hendra Siregar,hendra.siregar3032@gmail.com,089934517899,Islam,"Jl. RE. Martadinata No.3, RT 11/RW 09, Pariaman, Sumatera Barat",Laki-laki,"Pariaman, 14/05/2004",2023,MA Swasta 2 Pariaman
CM000604,0813342557,3672562550076593,Oscar Wardana,oscar.wardana1854@gmail.com,089532040823,Kristen,"Jl. Imam Bonjol No.81, RT 09/RW 02, Cilegon, Banten",Laki-laki,"Cilegon, 10/01/2004",2022,SMAN Gajah Mada Cilegon
CM000605,9925827315,3576143417519300,Danang Andriani,danang.andriani2553@gmail.com,081636954689,Kristen,"Jl. Soekarno Hatta No.46, RT 15/RW 03, Pasuruan, Jawa Timur",Laki-laki,"Pasuruan, 09/03/2003",2022,SMA Negeri 17 Pasuruan
CM000606,8643814741,1872899045822523,Putri Sulistyowati,putri.sulistyowati1127@gmail.com,083871309352,Kristen,"Jl. MT. Haryono No.93, RT 11/RW 07, Metro, Lampung",Perempuan,"Metro, 19/10/2005",2024,SMA Negeri 25 Metro
CM000607,8704503377,5103459997883405,Cipto Santoso,cipto.santoso8672@gmail.com,088235167919,Kristen,"Jl. MT. Haryono No.163, RT 15/RW 06, Tabanan, Bali",Laki-laki,"Tabanan, 09/05/2005",2023,MAN Ahmad Dahlan Tabanan
CM000608,7648055248,7306191723454934,Windy Salim,windy.salim9089@gmail.com,089870786535,Islam,"Jl. Merdeka No.113, RT 10/RW 10, Gowa, Sulawesi Selatan",Perempuan,"Gowa, 01/11/2004",2022,SMK Negeri 13 Gowa
CM000609,9398019252,6471154229425276,Pandu Azzahra,pandu.azzahra6817@gmail.com,081161291918,Islam,"Jl. Pemuda No.151, RT 07/RW 01, Samarinda, Kalimantan Timur",Laki-laki,"Samarinda, 18/01/2005",2024,SMA Negeri 5 Samarinda
CM000610,1576338701,9407297683760173,Lina Sinaga,lina.sinaga7520@gmail.com,089501351921,Islam,"Jl. Pahlawan No.58, RT 06/RW 05, Mimika, Papua",Perempuan,"Mimika, 22/01/2003",2022,MA Negeri Muhammadiyah Mimika
CM000611,5095851574,6474176295213873,Dedy Lubis,dedy.lubis4793@gmail.com,087831047995,Islam,"Jl. Gatot Subroto No.147, RT 14/RW 10, Bontang, Kalimantan Timur",Laki-laki,"Bontang, 02/05/2005",2022,SMKN Plus Bontang
CM000612,1477362733,1372786639913455,Okta Puspitasari,okta.puspitasari6589@gmail.com,085344074834,Islam,"Jl. Diponegoro No.163, RT 04/RW 07, Bukittinggi, Sumatera Barat",Perempuan,"Bukittinggi, 28/09/2006",2024,SMA Negeri 13 Bukittinggi
CM000613,8332404078,3374605888400375,Vian Firmansyah,vian.firmansyah7513@gmail.com,081354269190,Islam,"Jl. Soekarno Hatta No.145, RT 05/RW 05, Semarang, Jawa Tengah",Laki-laki,"Semarang, 24/11/2007",2025,SMK Negeri Insan Kamil Semarang
CM000614,2462871163,3375922681079262,Ayu Hutapea,ayu.hutapea5453@gmail.com,081744942130,Islam,"Jl. Merdeka No.194, RT 10/RW 04, Pekalongan, Jawa Tengah",Perempuan,"Pekalongan, 26/10/2005",2022,MA Swasta Kartini Pekalongan
CM000615,7561510985,3471171315546002,Irfan Setiawan,irfan.setiawan7179@gmail.com,085383262253,Islam,"Jl. Merdeka No.141, RT 16/RW 05, Yogyakarta, DI Yogyakarta",Laki-laki,"Yogyakarta, 13/09/2007",2024,SMK Negeri 5 Yogyakarta
CM000616,6126411230,3402666214566370,Olivia Rahayu,olivia.rahayu9197@gmail.com,081634144973,Islam,"Jl. Panglima Besar No.83, RT 04/RW 04, Bantul, DI Yogyakarta",Perempuan,"Bantul, 08/03/2007",2024,MA Swasta 22 Bantul
CM000617,9228122892,7373230193055944,Bayu Lestari,bayu.lestari3772@gmail.com,085789879595,Islam,"Jl. Hayam Wuruk No.115, RT 17/RW 08, Palopo, Sulawesi Selatan",Laki-laki,"Palopo, 10/03/2007",2024,SMAN 8 Palopo
CM000618,3241460636,3471344111225712,Fitri Budiman,fitri.budiman9369@gmail.com,089738452004,Kristen,"Jl. Panglima Besar No.29, RT 06/RW 04, Yogyakarta, DI Yogyakarta",Perempuan,"Yogyakarta, 05/09/2005",2023,SMA Swasta 4 Yogyakarta
CM000619,7613791656,3575448005812293,Hafiz Prasetyo,hafiz.prasetyo2726@gmail.com,085549643513,Islam,"Jl. Hayam Wuruk No.189, RT 06/RW 10, Madiun, Jawa Timur",Laki-laki,"Madiun, 27/11/2004",2023,SMA Swasta Terpadu Madiun
CM000620,9705481338,3173257359832572,Evan Mahendra,evan.mahendra1963@gmail.com,089967669349,Islam,"Jl. MT. Haryono No.11, RT 01/RW 01, Jakarta Barat, DKI Jakarta",Laki-laki,"Jakarta Barat, 11/03/2005",2023,MAN 17 Jakarta Barat
CM000621,1391663509,1801730603587276,Randy Puspitasari,randy.puspitasari3879@gmail.com,089672613975,Islam,"Jl. Ahmad Yani No.32, RT 02/RW 04, Lampung Selatan, Lampung",Laki-laki,"Lampung Selatan, 08/07/2007",2024,MA Swasta Nusantara Lampung Selatan
CM000622,5244656891,1402303178845036,Berlian Ramadhani,berlian.ramadhani4565@gmail.com,085296051372,Islam,"Jl. Brigjen Katamso No.132, RT 03/RW 05, Bengkalis, Riau",Perempuan,"Bengkalis, 23/04/2008",2025,SMAN Nusantara Bengkalis
CM000623,0876438455,1172948597467919,Jihan Lubis,jihan.lubis7129@gmail.com,081969147400,Islam,"Jl. Sultan Agung No.11, RT 11/RW 02, Lhokseumawe, Aceh",Perempuan,"Lhokseumawe, 24/06/2007",2024,SMKN 10 Lhokseumawe
CM000624,2861928375,3275125688521062,Pandu Suharto,pandu.suharto8732@gmail.com,082396003114,Islam,"Jl. Gatot Subroto No.92, RT 15/RW 07, Bekasi, Jawa Barat",Laki-laki,"Bekasi, 07/05/2004",2023,MA Negeri Diponegoro Bekasi
CM000625,5913478496,3174451698872840,Eko Adiputra,eko.adiputra3334@gmail.com,087743159171,Islam,"Jl. Hayam Wuruk No.104, RT 20/RW 09, Jakarta Selatan, DKI Jakarta",Laki-laki,"Jakarta Selatan, 19/04/2006",2023,MAN 16 Jakarta Selatan
CM000626,9216172804,3674373257050056,Anggun Ramadhan,anggun.ramadhan6393@gmail.com,081384651615,Islam,"Jl. Gatot Subroto No.188, RT 16/RW 06, Tangerang Selatan, Banten",Perempuan,"Tangerang Selatan, 28/12/2005",2024,SMK Negeri 14 Tangerang Selatan
CM000627,7437068271,6472092740909763,Tiara Hidayat,tiara.hidayat9373@gmail.com,087813259516,Islam,"Jl. Ahmad Yani No.72, RT 15/RW 06, Balikpapan, Kalimantan Timur",Perempuan,"Balikpapan, 01/11/2008",2025,MAN 25 Balikpapan
CM000628,8847339992,7372849242687638,Ragil Siregar,ragil.siregar3261@gmail.com,085229779979,Islam,"Jl. Teuku Umar No.180, RT 20/RW 09, Parepare, Sulawesi Selatan",Laki-laki,"Parepare, 16/09/2007",2025,SMAN 4 Parepare
CM000629,8724746388,9471153345404792,Irwan Hasan,irwan.hasan7556@gmail.com,082260285533,Islam,"Jl. Pahlawan No.58, RT 02/RW 09, Jayapura, Papua",Laki-laki,"Jayapura, 14/09/2007",2024,SMK Swasta Hasanuddin Jayapura
CM000630,3144069705,7171004376981321,Mira Rasyid,mira.rasyid6052@gmail.com,082160237951,Islam,"Jl. Hayam Wuruk No.170, RT 16/RW 02, Manado, Sulawesi Utara",Perempuan,"Manado, 23/04/2007",2024,SMK Negeri Plus Manado
CM000631,8645913344,1374563140992896,Tika Santoso,tika.santoso9433@gmail.com,089615695658,Islam,"Jl. Brigjen Katamso No.33, RT 13/RW 06, Payakumbuh, Sumatera Barat",Perempuan,"Payakumbuh, 04/02/2007",2024,SMA Negeri 1 Payakumbuh
CM000632,5758994832,1872078321179861,Xena Nugraha,xena.nugraha4648@gmail.com,082284634298,Islam,"Jl. Gatot Subroto No.11, RT 04/RW 08, Metro, Lampung",Perempuan,"Metro, 23/12/2005",2022,SMK Swasta 14 Metro
CM000633,0132098018,5271559343131669,Yoga Halim,yoga.halim5422@gmail.com,081242502200,Islam,"Jl. Imam Bonjol No.3, RT 11/RW 01, Mataram, Nusa Tenggara Barat",Laki-laki,"Mataram, 04/05/2007",2025,SMK Swasta Muhammadiyah Mataram
CM000634,1046193364,3202765640366403,Cahyo Oktaviani,cahyo.oktaviani3764@gmail.com,085394920928,Islam,"Jl. Diponegoro No.185, RT 14/RW 10, Sukabumi, Jawa Barat",Laki-laki,"Sukabumi, 21/07/2008",2025,SMAN 14 Sukabumi
CM000635,9007361367,3402393906705168,Tika Mahendra,tika.mahendra695@gmail.com,085802908550,Islam,"Jl. Sisingamangaraja No.122, RT 06/RW 07, Bantul, DI Yogyakarta",Perempuan,"Bantul, 24/04/2005",2022,SMK Negeri Sudirman Bantul
CM000636,5543711450,3273594656610693,Rara Ramadhan,rara.ramadhan5095@gmail.com,083853755715,Islam,"Jl. Diponegoro No.63, RT 11/RW 03, Bandung, Jawa Barat",Perempuan,"Bandung, 28/03/2004",2023,MA Swasta 10 Bandung
CM000637,4638646309,3674576246728883,Ferry Purnomo,ferry.purnomo3467@gmail.com,081625243328,Islam,"Jl. Tentara Pelajar No.177, RT 11/RW 03, Tangerang Selatan, Banten",Laki-laki,"Tangerang Selatan, 16/02/2008",2025,SMK Negeri Nusantara Tangerang Selatan
CM000638,7095435275,6472980295860140,Dina Putranto,dina.putranto9474@gmail.com,082359709736,Islam,"Jl. Tentara Pelajar No.109, RT 12/RW 01, Balikpapan, Kalimantan Timur",Perempuan,"Balikpapan, 13/09/2005",2024,SMA Negeri Al-Azhar Balikpapan
CM000639,4119082962,1275964648829046,Ummu Manurung,ummu.manurung1598@gmail.com,082308863560,Katolik,"Jl. Panglima Besar No.50, RT 01/RW 01, Medan, Sumatera Utara",Perempuan,"Medan, 13/07/2007",2025,MA Negeri 20 Medan
CM000640,6207092127,3319345015403958,Binar Hermawan,binar.hermawan2541@gmail.com,089905265027,Islam,"Jl. Soekarno Hatta No.88, RT 10/RW 01, Kudus, Jawa Tengah",Perempuan,"Kudus, 14/03/2008",2025,SMK Negeri Pancasila Kudus
CM000641,3279600668,3401214672338768,Ummu Lubis,ummu.lubis9718@gmail.com,087847671757,Islam,"Jl. Brigjen Katamso No.84, RT 15/RW 06, Kulon Progo, DI Yogyakarta",Perempuan,"Kulon Progo, 25/12/2007",2024,MAN 22 Kulon Progo
CM000642,6980955735,7171060998765674,Ummu Firmansyah,ummu.firmansyah8506@gmail.com,081844811013,Islam,"Jl. MT. Haryono No.38, RT 09/RW 10, Manado, Sulawesi Utara",Perempuan,"Manado, 21/02/2006",2023,MAN Harapan Bangsa Manado
CM000643,4522461458,5103297515355272,Erwin Sihombing,erwin.sihombing3163@gmail.com,089890806907,Islam,"Jl. Soekarno Hatta No.94, RT 16/RW 06, Tabanan, Bali",Laki-laki,"Tabanan, 13/02/2007",2025,MA Swasta Unggulan Tabanan
CM000644,6274893632,5201279839543168,Bunga Permana,bunga.permana7754@gmail.com,085303018222,Islam,"Jl. Pahlawan No.14, RT 15/RW 08, Lombok Barat, Nusa Tenggara Barat",Perempuan,"Lombok Barat, 23/06/2007",2025,SMK Swasta Nusantara Lombok Barat
CM000645,6552903312,3671778329640060,Mira Mulyadi,mira.mulyadi2496@gmail.com,088168098170,Konghucu,"Jl. Hayam Wuruk No.4, RT 06/RW 08, Tangerang, Banten",Perempuan,"Tangerang, 28/03/2006",2023,MA Negeri 20 Tangerang
CM000646,3151266940,8172956660382180,Cipto Gunawan,cipto.gunawan5744@gmail.com,085661870864,Islam,"Jl. Merdeka No.103, RT 02/RW 03, Tual, Maluku",Laki-laki,"Tual, 17/08/2005",2024,MA Swasta 17 Tual
CM000647,5651875133,7171513967327721,Desi Nasution,desi.nasution383@gmail.com,081927286451,Islam,"Jl. Brigjen Katamso No.147, RT 06/RW 02, Manado, Sulawesi Utara",Perempuan,"Manado, 19/08/2007",2024,MA Swasta 23 Manado
CM000648,9234368533,7171961466728672,Guntur Hutapea,guntur.hutapea5326@gmail.com,082237232753,Islam,"Jl. Brigjen Katamso No.131, RT 07/RW 08, Manado, Sulawesi Utara",Laki-laki,"Manado, 17/01/2005",2023,SMAN Unggulan Manado
CM000649,0618793369,1872884960482570,Zelda Mulyadi,zelda.mulyadi6553@gmail.com,089835631946,Islam,"Jl. Merdeka No.89, RT 06/RW 03, Metro, Lampung",Perempuan,"Metro, 01/07/2007",2024,SMAN Al-Azhar Metro
CM000650,8547154314,9407705058299013,Nadia Kusuma,nadia.kusuma3460@gmail.com,089724636071,Islam,"Jl. Sultan Agung No.178, RT 20/RW 05, Mimika, Papua",Perempuan,"Mimika, 07/04/2006",2023,SMA Swasta 5 Mimika
CM000651,1622188546,3372138471072942,Tika Mulyadi,tika.mulyadi7950@gmail.com,085631988795,Islam,"Jl. Tentara Pelajar No.2, RT 09/RW 02, Surakarta, Jawa Tengah",Perempuan,"Surakarta, 17/03/2004",2022,SMKN 4 Surakarta
CM000652,3789232967,7171072257857212,Laras Ramadhani,laras.ramadhani9838@gmail.com,083124398449,Islam,"Jl. Panglima Besar No.178, RT 14/RW 08, Manado, Sulawesi Utara",Perempuan,"Manado, 23/09/2005",2023,MA Negeri Kartini Manado
CM000653,2564588247,3171870192001110,Leo Pamungkas,leo.pamungkas4820@gmail.com,081457335896,Islam,"Jl. Imam Bonjol No.167, RT 01/RW 06, Jakarta Pusat, DKI Jakarta",Laki-laki,"Jakarta Pusat, 17/11/2007",2025,SMA Swasta 11 Jakarta Pusat
CM000654,8080011255,6474505139586240,Annisa Wardana,annisa.wardana6765@gmail.com,088122215596,Islam,"Jl. Raya Utama No.115, RT 03/RW 03, Bontang, Kalimantan Timur",Perempuan,"Bontang, 19/12/2007",2024,MA Swasta Pancasila Bontang
CM000655,4907715000,1471314781298175,Yusuf Lestari,yusuf.lestari3614@gmail.com,088187106540,Islam,"Jl. Panglima Besar No.154, RT 02/RW 03, Pekanbaru, Riau",Laki-laki,"Pekanbaru, 07/02/2007",2021,MA Negeri 12 Pekanbaru
CM000656,3685789914,5104862629269061,Ragil Firmansyah,ragil.firmansyah9857@gmail.com,089728587594,Islam,"Jl. Hayam Wuruk No.149, RT 08/RW 02, Gianyar, Bali",Laki-laki,"Gianyar, 10/09/2003",2022,SMK Negeri 14 Gianyar
CM000657,3387504420,1402678038840974,Dwi Mahendra,dwi.mahendra3672@gmail.com,082122686295,Islam,"Jl. Sultan Agung No.129, RT 04/RW 03, Bengkalis, Riau",Laki-laki,"Bengkalis, 16/08/2006",2024,SMA Negeri Hasanuddin Bengkalis
CM000658,0531284667,3173919372399469,Dedy Fitriani,dedy.fitriani9949@gmail.com,085744756064,Islam,"Jl. Sudirman No.104, RT 16/RW 10, Jakarta Barat, DKI Jakarta",Laki-laki,"Jakarta Barat, 13/01/2004",2023,SMK Negeri Kartini Jakarta Barat
CM000659,0859589952,8101796733096378,Kartika Susanto,kartika.susanto2224@gmail.com,085222651891,Kristen,"Jl. Teuku Umar No.41, RT 20/RW 07, Maluku Tengah, Maluku",Perempuan,"Maluku Tengah, 07/03/2005",2024,SMK Swasta 1 Maluku Tengah
CM000660,5580996416,1872329750960941,Clara Salim,clara.salim1365@gmail.com,081157739003,Islam,"Jl. Sultan Agung No.83, RT 01/RW 07, Metro, Lampung",Perempuan,"Metro, 08/04/2006",2025,SMA Swasta 19 Metro
CM000661,1980861641,9271681026633496,Okta Hartono,okta.hartono490@gmail.com,087784538139,Buddha,"Jl. Sisingamangaraja No.152, RT 03/RW 05, Sorong, Papua",Laki-laki,"Sorong, 13/07/2005",2024,MA Negeri 15 Sorong
CM000662,2789541429,1374197396096370,Dina Ramadhan,dina.ramadhan7954@gmail.com,082106514872,Islam,"Jl. Sudirman No.123, RT 01/RW 09, Payakumbuh, Sumatera Barat",Perempuan,"Payakumbuh, 18/02/2003",2022,SMK Swasta 13 Payakumbuh
CM000663,4296546427,1871816615355933,Yasmin Kurniawan,yasmin.kurniawan7324@gmail.com,089914004554,Islam,"Jl. Ahmad Yani No.89, RT 14/RW 02, Bandar Lampung, Lampung",Perempuan,"Bandar Lampung, 13/03/2004",2023,SMA Swasta Budi Utomo Bandar Lampung
CM000664,1584863417,3278415919712195,Nanda Nugraha,nanda.nugraha1937@gmail.com,089839649018,Islam,"Jl. Soekarno Hatta No.98, RT 17/RW 09, Tasikmalaya, Jawa Barat",Laki-laki,"Tasikmalaya, 08/03/2003",2022,SMA Negeri Al-Azhar Tasikmalaya
CM000665,3138141513,6402904299953959,Eka Pratama,eka.pratama2197@gmail.com,081663794097,Islam,"Jl. MT. Haryono No.97, RT 04/RW 01, Kutai Kartanegara, Kalimantan Timur",Perempuan,"Kutai Kartanegara, 01/09/2005",2022,SMK Swasta Islam Terpadu Kutai Kartanegara
CM000666,7238216775,1272789858733455,Oki Firmansyah,oki.firmansyah6804@gmail.com,088114068812,Islam,"Jl. Sultan Agung No.163, RT 18/RW 02, Pematangsiantar, Sumatera Utara",Laki-laki,"Pematangsiantar, 07/07/2006",2025,SMA Negeri Terpadu Pematangsiantar
CM000667,1789827807,7373761625187458,Salsa Putranto,salsa.putranto1914@gmail.com,081974745052,Islam,"Jl. Sisingamangaraja No.76, RT 20/RW 02, Palopo, Sulawesi Selatan",Perempuan,"Palopo, 21/11/2008",2025,SMK Negeri Islam Terpadu Palopo
CM000668,8654347558,3302571473740451,Vino Gunawan,vino.gunawan9819@gmail.com,089525685513,Islam,"Jl. Veteran No.64, RT 17/RW 06, Purwokerto, Jawa Tengah",Laki-laki,"Purwokerto, 24/02/2007",2024,SMA Swasta 24 Purwokerto
CM000669,2852352351,3572426075339137,Bima Suryadi,bima.suryadi83@gmail.com,081711333895,Islam,"Jl. RE. Martadinata No.16, RT 16/RW 01, Blitar, Jawa Timur",Laki-laki,"Blitar, 23/06/2004",2022,SMA Negeri Unggulan Blitar
CM000670,2163500905,3573900779060771,Kukuh Manurung,kukuh.manurung4182@gmail.com,085758361094,Islam,"Jl. Hayam Wuruk No.114, RT 08/RW 10, Malang, Jawa Timur",Laki-laki,"Malang, 03/04/2007",2024,SMKN 8 Malang
CM000671,5059322539,3173063848268851,Kartika Sihombing,kartika.sihombing551@gmail.com,081681741925,Islam,"Jl. Gatot Subroto No.186, RT 16/RW 09, Jakarta Barat, DKI Jakarta",Perempuan,"Jakarta Barat, 27/05/2003",2022,SMA Swasta 15 Jakarta Barat
CM000672,0866127223,3376491102638422,Yogi Adiputra,yogi.adiputra6023@gmail.com,089828795454,Islam,"Jl. Panglima Besar No.58, RT 06/RW 03, Tegal, Jawa Tengah",Laki-laki,"Tegal, 12/11/2005",2023,MAN 12 Tegal
CM000673,3831296666,8172524312574233,Nadia Hermawan,nadia.hermawan7600@gmail.com,081731262886,Islam,"Jl. Tentara Pelajar No.118, RT 12/RW 10, Tual, Maluku",Perempuan,"Tual, 01/07/2006",2025,SMKN Diponegoro Tual
CM000674,5056698831,1871021348773174,Joko Hartono,joko.hartono4332@gmail.com,081364919098,Islam,"Jl. Sultan Agung No.186, RT 12/RW 05, Bandar Lampung, Lampung",Laki-laki,"Bandar Lampung, 15/11/2004",2023,SMA Swasta Budi Utomo Bandar Lampung
CM000675,4058944912,1174975049386936,Raka Sudirman,raka.sudirman4455@gmail.com,085293545591,Islam,"Jl. Brigjen Katamso No.50, RT 17/RW 07, Langsa, Aceh",Laki-laki,"Langsa, 06/01/2007",2025,SMK Negeri 4 Langsa
CM000676,1088770954,6471368958238679,Faisal Nugraha,faisal.nugraha7758@gmail.com,085638445660,Hindu,"Jl. Imam Bonjol No.106, RT 05/RW 10, Samarinda, Kalimantan Timur",Laki-laki,"Samarinda, 15/11/2005",2023,SMKN Plus Samarinda
CM000677,1908332841,3302771130796308,Randy Wijaya,randy.wijaya3405@gmail.com,085206203883,Islam,"Jl. Brigjen Katamso No.166, RT 09/RW 03, Purwokerto, Jawa Tengah",Laki-laki,"Purwokerto, 26/07/2005",2023,SMKN Sudirman Purwokerto
CM000678,7923321758,3674638868004969,Nanda Maulana,nanda.maulana3459@gmail.com,082369291826,Islam,"Jl. Gatot Subroto No.179, RT 13/RW 08, Tangerang Selatan, Banten",Laki-laki,"Tangerang Selatan, 10/03/2007",2025,MA Swasta Hasanuddin Tangerang Selatan
CM000679,4713811982,3273263027698767,Yusuf Handayani,yusuf.handayani6559@gmail.com,088181420194,Islam,"Jl. Imam Bonjol No.112, RT 10/RW 01, Bandung, Jawa Barat",Laki-laki,"Bandung, 02/07/2005",2024,MA Negeri Al-Azhar Bandung
CM000680,5479627439,3578792720001047,Viola Permana,viola.permana7790@gmail.com,089808961851,Islam,"Jl. Cut Nyak Dien No.21, RT 06/RW 02, Surabaya, Jawa Timur",Perempuan,"Surabaya, 25/03/2008",2025,SMKN Kartini Surabaya
CM000681,8097218856,5104588080036193,Lukman Putranto,lukman.putranto1399@gmail.com,081861241098,Islam,"Jl. RE. Martadinata No.90, RT 16/RW 08, Gianyar, Bali",Laki-laki,"Gianyar, 09/03/2005",2024,SMK Negeri Cendekia Gianyar
CM000682,1761009703,9271719665132964,Taufik Oktaviani,taufik.oktaviani6363@gmail.com,081827881510,Islam,"Jl. MT. Haryono No.176, RT 19/RW 10, Sorong, Papua",Laki-laki,"Sorong, 13/11/2004",2022,MA Swasta Al-Azhar Sorong
CM000683,1800724162,8171802455699349,Yuni Suryadi,yuni.suryadi8424@gmail.com,087760624126,Hindu,"Jl. Sudirman No.183, RT 12/RW 04, Ambon, Maluku",Perempuan,"Ambon, 14/01/2004",2022,SMK Swasta Harapan Bangsa Ambon
CM000684,7233416104,1402848234517514,Melati Iskandar,melati.iskandar6976@gmail.com,089977237403,Islam,"Jl. Pemuda No.38, RT 16/RW 09, Bengkalis, Riau",Perempuan,"Bengkalis, 10/07/2007",2024,SMK Negeri Plus Bengkalis
CM000685,7933770343,7308925959008610,Okta Susanto,okta.susanto5891@gmail.com,081299753117,Katolik,"Jl. Raya Utama No.1, RT 09/RW 03, Bone, Sulawesi Selatan",Laki-laki,"Bone, 25/09/2007",2024,MAN 20 Bone
CM000686,9446562390,1402866140937433,Rina Iskandar,rina.iskandar7208@gmail.com,085513571421,Islam,"Jl. Pahlawan No.139, RT 10/RW 10, Bengkalis, Riau",Perempuan,"Bengkalis, 20/07/2004",2022,SMA Negeri 21 Bengkalis
CM000687,4645666150,6472925675837286,Annisa Ibrahim,annisa.ibrahim3359@gmail.com,089728854154,Islam,"Jl. Panglima Besar No.164, RT 05/RW 05, Balikpapan, Kalimantan Timur",Perempuan,"Balikpapan, 13/09/2006",2023,SMA Negeri Al-Azhar Balikpapan
CM000688,4703291531,1174538823617908,Kartika Situmorang,kartika.situmorang3499@gmail.com,088278135355,Islam,"Jl. Sultan Agung No.163, RT 05/RW 07, Langsa, Aceh",Perempuan,"Langsa, 21/04/2005",2024,MA Swasta 11 Langsa
CM000689,6239624227,3575787280397840,Hadi Anggraini,hadi.anggraini9666@gmail.com,089905681217,Islam,"Jl. Merdeka No.79, RT 06/RW 10, Madiun, Jawa Timur",Laki-laki,"Madiun, 26/10/2007",2024,MAN Hasanuddin Madiun
CM000690,0306805451,3376854464733022,Desi Manurung,desi.manurung3974@gmail.com,088281476439,Islam,"Jl. Hayam Wuruk No.90, RT 19/RW 08, Tegal, Jawa Tengah",Perempuan,"Tegal, 13/06/2006",2023,SMA Negeri Sudirman Tegal
CM000691,0779619950,1401823210045274,Nanda Sinaga,nanda.sinaga9967@gmail.com,083136211583,Islam,"Jl. Brigjen Katamso No.156, RT 04/RW 04, Kampar, Riau",Laki-laki,"Kampar, 28/09/2007",2025,SMA Negeri Islam Terpadu Kampar
CM000692,1772747281,7173920908997205,Nurul Susanto,nurul.susanto6310@gmail.com,085747155952,Islam,"Jl. MT. Haryono No.108, RT 16/RW 04, Tomohon, Sulawesi Utara",Perempuan,"Tomohon, 25/12/2007",2025,SMA Swasta 19 Tomohon
CM000693,2739393473,3375586221038421,Wahyu Lestari,wahyu.lestari7523@gmail.com,089588048131,Islam,"Jl. Teuku Umar No.99, RT 20/RW 04, Pekalongan, Jawa Tengah",Laki-laki,"Pekalongan, 19/04/2004",2021,SMA Negeri Muhammadiyah Pekalongan
CM000694,2252562977,6474421827887266,Bima Hidayat,bima.hidayat5764@gmail.com,085812220589,Islam,"Jl. Merdeka No.164, RT 14/RW 08, Bontang, Kalimantan Timur",Laki-laki,"Bontang, 23/12/2005",2024,SMA Swasta Diponegoro Bontang
CM000695,1179985981,3174345668008415,Bayu Firmansyah,bayu.firmansyah5588@gmail.com,085870523031,Hindu,"Jl. Tentara Pelajar No.90, RT 07/RW 01, Jakarta Selatan, DKI Jakarta",Laki-laki,"Jakarta Selatan, 10/07/2004",2023,SMA Negeri 10 Jakarta Selatan
CM000696,1067149344,7174655999682765,Clara Nugroho,clara.nugroho267@gmail.com,088144001044,Konghucu,"Jl. Gatot Subroto No.107, RT 02/RW 09, Kotamobagu, Sulawesi Utara",Perempuan,"Kotamobagu, 10/04/2006",2023,SMA Negeri Budi Utomo Kotamobagu
CM000697,9689174191,6472907396274865,Prima Nugraha,prima.nugraha4814@gmail.com,081437500167,Islam,"Jl. Diponegoro No.16, RT 13/RW 09, Balikpapan, Kalimantan Timur",Laki-laki,"Balikpapan, 07/12/2008",2025,SMAN Cendekia Balikpapan
CM000698,1816186705,1471149364885083,Widya Lestari,widya.lestari1142@gmail.com,083845819735,Islam,"Jl. Soekarno Hatta No.151, RT 03/RW 09, Pekanbaru, Riau",Perempuan,"Pekanbaru, 22/04/2008",2025,SMK Swasta Diponegoro Pekanbaru
CM000699,0345476934,9271825830099938,Gita Setiawan,gita.setiawan9744@gmail.com,087875125106,Islam,"Jl. Diponegoro No.25, RT 20/RW 08, Sorong, Papua",Perempuan,"Sorong, 18/02/2007",2025,SMA Negeri 9 Sorong
CM000700,8531346012,1273816857413472,Ilham Iskandar,ilham.iskandar431@gmail.com,081220416610,Kristen,"Jl. Panglima Besar No.140, RT 03/RW 01, Binjai, Sumatera Utara",Laki-laki,"Binjai, 27/09/2007",2025,MA Negeri Pembangunan Binjai
CM000701,6615447026,5272317907326193,Galuh Sulistyowati,galuh.sulistyowati6814@gmail.com,088150920643,Kristen,"Jl. Veteran No.48, RT 13/RW 04, Bima, Nusa Tenggara Barat",Perempuan,"Bima, 10/08/2007",2024,MAN Hasanuddin Bima
CM000702,8718875157,3373593885792191,Widya Oktaviani,widya.oktaviani3384@gmail.com,089750592393,Islam,"Jl. Gatot Subroto No.1, RT 07/RW 04, Salatiga, Jawa Tengah",Perempuan,"Salatiga, 09/04/2003",2022,SMKN 19 Salatiga
CM000703,2387588593,1274159944920529,Willy Sihombing,willy.sihombing7759@gmail.com,088270709916,Islam,"Jl. Sudirman No.121, RT 12/RW 03, Tebing Tinggi, Sumatera Utara",Laki-laki,"Tebing Tinggi, 10/03/2005",2022,MA Negeri 2 Tebing Tinggi
CM000704,7879968633,3201758823745330,Adinda Permana,adinda.permana2863@gmail.com,083189151685,Islam,"Jl. Diponegoro No.129, RT 05/RW 08, Bogor, Jawa Barat",Perempuan,"Bogor, 12/10/2006",2025,SMKN 1 Bogor
CM000705,6779237687,3277776261883895,Dedy Kurniawan,dedy.kurniawan3258@gmail.com,082118607748,Islam,"Jl. Sisingamangaraja No.20, RT 17/RW 08, Cimahi, Jawa Barat",Laki-laki,"Cimahi, 17/01/2007",2025,SMK Negeri 25 Cimahi
CM000706,2951332705,5103969826933214,Gilang Sinaga,gilang.sinaga4320@gmail.com,082393513339,Islam,"Jl. Sisingamangaraja No.120, RT 13/RW 03, Tabanan, Bali",Laki-laki,"Tabanan, 24/10/2006",2024,SMKN Kartini Tabanan
CM000707,2714041770,8172470632960074,Maya Hasan,maya.hasan4157@gmail.com,081385437833,Islam,"Jl. RE. Martadinata No.134, RT 20/RW 05, Tual, Maluku",Perempuan,"Tual, 14/03/2006",2023,SMAN Plus Tual
CM000708,0927216468,3274485713331661,Irwan Fitriani,irwan.fitriani1380@gmail.com,081731385433,Islam,"Jl. Pemuda No.137, RT 01/RW 01, Cirebon, Jawa Barat",Laki-laki,"Cirebon, 10/08/2004",2023,SMK Swasta 21 Cirebon
CM000709,6294071213,7373484759209570,Irfan Kusuma,irfan.kusuma7287@gmail.com,081255837222,Katolik,"Jl. MT. Haryono No.58, RT 07/RW 02, Palopo, Sulawesi Selatan",Laki-laki,"Palopo, 05/12/2007",2025,SMA Negeri 20 Palopo
CM000710,4203601148,3302421722309265,Ulfa Firmansyah,ulfa.firmansyah3922@gmail.com,085588169908,Islam,"Jl. Sudirman No.163, RT 07/RW 10, Purwokerto, Jawa Tengah",Perempuan,"Purwokerto, 19/04/2008",2025,SMK Negeri 13 Purwokerto
CM000711,3448962393,3401205075388614,Indah Hakim,indah.hakim2952@gmail.com,082122040892,Islam,"Jl. Soekarno Hatta No.150, RT 10/RW 04, Kulon Progo, DI Yogyakarta",Perempuan,"Kulon Progo, 01/11/2006",2023,SMAN 12 Kulon Progo
CM000712,7004321008,1173529886557025,Okta Mulyadi,okta.mulyadi1690@gmail.com,085611244686,Islam,"Jl. Sudirman No.110, RT 15/RW 10, Sabang, Aceh",Laki-laki,"Sabang, 04/05/2004",2023,SMA Swasta Hasanuddin Sabang
CM000713,7051852904,8101070304118102,Nabila Suharto,nabila.suharto9440@gmail.com,081258851774,Islam,"Jl. Hayam Wuruk No.72, RT 18/RW 08, Maluku Tengah, Maluku",Perempuan,"Maluku Tengah, 25/04/2006",2024,SMA Swasta Hasanuddin Maluku Tengah
CM000714,7409709295,3302089630512877,Binar Maulana,binar.maulana2717@gmail.com,081349461382,Islam,"Jl. Pemuda No.1, RT 04/RW 07, Purwokerto, Jawa Tengah",Perempuan,"Purwokerto, 22/01/2007",2024,SMK Negeri 14 Purwokerto
CM000715,8734131902,1371274952866979,Amelia Hidayat,amelia.hidayat7953@gmail.com,081261223327,Islam,"Jl. Imam Bonjol No.164, RT 08/RW 08, Padang, Sumatera Barat",Perempuan,"Padang, 10/07/2006",2023,MAN 4 Padang
CM000716,8608122843,7173143285308216,Ragil Adiputra,ragil.adiputra4813@gmail.com,085280267024,Islam,"Jl. Veteran No.45, RT 05/RW 07, Tomohon, Sulawesi Utara",Laki-laki,"Tomohon, 02/09/2004",2023,SMA Negeri Unggulan Tomohon
CM000717,1621733584,3172009590376426,Dewi Oktaviani,dewi.oktaviani3530@gmail.com,085267184586,Islam,"Jl. Panglima Besar No.191, RT 19/RW 02, Jakarta Utara, DKI Jakarta",Perempuan,"Jakarta Utara, 15/05/2006",2025,MAN Pancasila Jakarta Utara
CM000718,3534098691,1472898942323690,Berlian Sihombing,berlian.sihombing1389@gmail.com,081784223571,Islam,"Jl. Brigjen Katamso No.40, RT 09/RW 01, Dumai, Riau",Perempuan,"Dumai, 28/11/2006",2024,SMKN 12 Dumai
CM000719,1349760546,7371993887479094,Erwin Soetomo,erwin.soetomo7312@gmail.com,089732670856,Islam,"Jl. Sudirman No.14, RT 18/RW 03, Makassar, Sulawesi Selatan",Laki-laki,"Makassar, 06/01/2003",2022,SMK Swasta Muhammadiyah Makassar
CM000720,2965754282,3274177908268410,Ulfa Gunawan,ulfa.gunawan2159@gmail.com,089778474982,Buddha,"Jl. Veteran No.35, RT 11/RW 08, Cirebon, Jawa Barat",Perempuan,"Cirebon, 06/03/2006",2023,MA Swasta 17 Cirebon
CM000721,3296157615,1273208047059420,Bagas Nugroho,bagas.nugroho3551@gmail.com,088208319063,Katolik,"Jl. Soekarno Hatta No.172, RT 19/RW 10, Binjai, Sumatera Utara",Laki-laki,"Binjai, 21/02/2003",2022,SMK Negeri 6 Binjai
CM000722,0924616419,1171461467467802,Dina Firmansyah,dina.firmansyah2330@gmail.com,081610330840,Islam,"Jl. Sultan Agung No.5, RT 15/RW 03, Banda Aceh, Aceh",Perempuan,"Banda Aceh, 15/02/2007",2024,SMA Swasta Cendekia Banda Aceh
CM000723,9895633670,5108966317165992,Guntur Sihombing,guntur.sihombing5436@gmail.com,087800011842,Islam,"Jl. Sudirman No.161, RT 12/RW 07, Karangasem, Bali",Laki-laki,"Karangasem, 04/12/2003",2022,SMK Swasta 16 Karangasem
CM000724,6869683914,3572825634932553,Ilham Sulistyowati,ilham.sulistyowati9205@gmail.com,089909103962,Islam,"Jl. MT. Haryono No.12, RT 11/RW 03, Blitar, Jawa Timur",Laki-laki,"Blitar, 13/02/2008",2025,SMK Swasta 4 Blitar
CM000725,5031940002,5203048212257037,Evan Hasan,evan.hasan9847@gmail.com,081618348380,Islam,"Jl. Ahmad Yani No.122, RT 10/RW 04, Sumbawa, Nusa Tenggara Barat",Laki-laki,"Sumbawa, 25/02/2005",2023,SMKN 14 Sumbawa
CM000726,1947521984,1174747290023665,Cahaya Kusuma,cahaya.kusuma1067@gmail.com,089598291354,Islam,"Jl. Sisingamangaraja No.193, RT 13/RW 04, Langsa, Aceh",Perempuan,"Langsa, 09/03/2004",2023,SMA Swasta 10 Langsa
CM000727,1689844151,5171274394415446,Taufik Rasyid,taufik.rasyid6459@gmail.com,085802169881,Islam,"Jl. Raya Utama No.177, RT 12/RW 09, Denpasar, Bali",Laki-laki,"Denpasar, 27/06/2006",2023,MAN Pancasila Denpasar
CM000728,1590713465,1271275443787891,Widya Puspitasari,widya.puspitasari3688@gmail.com,081685231983,Islam,"Jl. Imam Bonjol No.147, RT 14/RW 01, Sibolga, Sumatera Utara",Perempuan,"Sibolga, 18/08/2004",2023,SMA Swasta 23 Sibolga
CM000729,4690778062,6474482029246868,Citra Nasution,citra.nasution7038@gmail.com,088174733558,Islam,"Jl. Imam Bonjol No.180, RT 17/RW 03, Bontang, Kalimantan Timur",Perempuan,"Bontang, 02/11/2004",2022,SMA Negeri 23 Bontang
CM000730,8927747899,8101500050142582,Elsa Halim,elsa.halim3192@gmail.com,089886594419,Islam,"Jl. Cut Nyak Dien No.134, RT 11/RW 08, Maluku Tengah, Maluku",Perempuan,"Maluku Tengah, 18/04/2004",2022,SMK Swasta 17 Maluku Tengah
CM000731,7326991015,1372729937520933,Elsa Soetomo,elsa.soetomo760@gmail.com,089884523785,Islam,"Jl. RE. Martadinata No.158, RT 15/RW 09, Bukittinggi, Sumatera Barat",Perempuan,"Bukittinggi, 09/01/2008",2025,SMA Negeri Insan Kamil Bukittinggi
CM000732,7822076515,5108639082806678,Julia Kusuma,julia.kusuma954@gmail.com,081697383719,Islam,"Jl. Ahmad Yani No.24, RT 08/RW 06, Karangasem, Bali",Perempuan,"Karangasem, 25/12/2007",2024,SMK Negeri 4 Karangasem
CM000733,0231633770,3201960603718894,Nita Siregar,nita.siregar841@gmail.com,082289323902,Islam,"Jl. Hayam Wuruk No.165, RT 10/RW 03, Bogor, Jawa Barat",Perempuan,"Bogor, 17/09/2005",2023,SMKN Plus Bogor
CM000734,7394146197,3274670778545198,Indah Septiani,indah.septiani4747@gmail.com,081974546217,Islam,"Jl. Imam Bonjol No.66, RT 05/RW 08, Cirebon, Jawa Barat",Perempuan,"Cirebon, 21/04/2005",2022,MA Negeri 9 Cirebon
CM000735,4962595416,6472288166004066,Widya Prasetyo,widya.prasetyo9610@gmail.com,085278169174,Islam,"Jl. Sisingamangaraja No.183, RT 07/RW 09, Balikpapan, Kalimantan Timur",Perempuan,"Balikpapan, 08/05/2006",2024,MAN 8 Balikpapan
CM000736,4505961870,3403532835902899,Vino Halim,vino.halim9381@gmail.com,083802278321,Islam,"Jl. Gatot Subroto No.166, RT 06/RW 07, Gunung Kidul, DI Yogyakarta",Laki-laki,"Gunung Kidul, 14/08/2008",2025,SMK Swasta 22 Gunung Kidul
CM000737,5244282615,9271687326123225,Joko Hakim,joko.hakim1087@gmail.com,081579490420,Islam,"Jl. Cut Nyak Dien No.197, RT 17/RW 09, Sorong, Papua",Laki-laki,"Sorong, 12/09/2005",2024,SMKN 23 Sorong
CM000738,2017890781,3278161662451487,Hani Wahyudi,hani.wahyudi360@gmail.com,083125720337,Islam,"Jl. Brigjen Katamso No.132, RT 04/RW 03, Tasikmalaya, Jawa Barat",Perempuan,"Tasikmalaya, 24/09/2003",2022,SMKN Kartini Tasikmalaya
CM000739,4425274496,3174530897949227,Indah Puspitasari,indah.puspitasari3398@gmail.com,085847343478,Islam,"Jl. RE. Martadinata No.22, RT 15/RW 03, Jakarta Selatan, DKI Jakarta",Perempuan,"Jakarta Selatan, 25/12/2004",2022,SMKN Nusantara Jakarta Selatan
CM000740,4031649153,3274786813257544,Kirana Hakim,kirana.hakim1972@gmail.com,089522629602,Islam,"Jl. Imam Bonjol No.77, RT 16/RW 10, Cirebon, Jawa Barat",Perempuan,"Cirebon, 04/10/2005",2023,SMK Negeri Insan Kamil Cirebon
CM000741,0492221430,3376321259161946,Rizky Firmansyah,rizky.firmansyah7445@gmail.com,082228209948,Islam,"Jl. Ahmad Yani No.16, RT 05/RW 01, Tegal, Jawa Tengah",Laki-laki,"Tegal, 03/08/2007",2024,SMAN 6 Tegal
CM000742,4560883888,9271889609719294,Fika Nugraha,fika.nugraha4355@gmail.com,085280938879,Islam,"Jl. Brigjen Katamso No.77, RT 01/RW 10, Sorong, Papua",Perempuan,"Sorong, 20/08/2006",2024,MAN 10 Sorong
CM000743,3501991083,1401542810418917,Surya Sulistyowati,surya.sulistyowati1263@gmail.com,085805356356,Islam,"Jl. Teuku Umar No.153, RT 15/RW 02, Kampar, Riau",Laki-laki,"Kampar, 13/10/2005",2022,MA Negeri 7 Kampar
CM000744,1192115420,3674139906227589,Cahaya Iskandar,cahaya.iskandar2249@gmail.com,087707233396,Islam,"Jl. Teuku Umar No.65, RT 14/RW 09, Tangerang Selatan, Banten",Perempuan,"Tangerang Selatan, 14/08/2007",2024,MA Negeri Unggulan Tangerang Selatan
CM000745,2896047433,1401350865154390,Zelda Suharto,zelda.suharto3681@gmail.com,087879094414,Islam,"Jl. Sudirman No.194, RT 19/RW 09, Kampar, Riau",Perempuan,"Kampar, 26/05/2006",2025,SMA Swasta Al-Azhar Kampar
CM000746,0440057950,3403586420519228,Hani Rahayu,hani.rahayu4163@gmail.com,089775657074,Islam,"Jl. Teuku Umar No.100, RT 05/RW 09, Gunung Kidul, DI Yogyakarta",Perempuan,"Gunung Kidul, 24/04/2008",2025,SMK Negeri 18 Gunung Kidul
CM000747,1229767769,1373415689710382,Putra Gunawan,putra.gunawan4464@gmail.com,081650444116,Islam,"Jl. RE. Martadinata No.73, RT 02/RW 09, Solok, Sumatera Barat",Laki-laki,"Solok, 09/02/2004",2023,MA Swasta Muhammadiyah Solok
CM000748,7374433325,8171156250415843,Lukman Adiputra,lukman.adiputra5364@gmail.com,081731381783,Islam,"Jl. Sultan Agung No.51, RT 06/RW 09, Ambon, Maluku",Laki-laki,"Ambon, 23/09/2008",2025,SMKN 6 Ambon
CM000749,0617606446,8171703877006155,Salsa Purnomo,salsa.purnomo1184@gmail.com,087880311074,Islam,"Jl. Brigjen Katamso No.136, RT 03/RW 02, Ambon, Maluku",Perempuan,"Ambon, 15/12/2005",2024,SMK Negeri 23 Ambon
CM000750,0005643736,1173896931676101,Pramesti Putranto,pramesti.putranto9155@gmail.com,083880483281,Islam,"Jl. Cut Nyak Dien No.51, RT 05/RW 06, Sabang, Aceh",Perempuan,"Sabang, 22/05/2006",2024,SMA Swasta 9 Sabang
CM000751,8300442567,3274850357062408,Annisa Pamungkas,annisa.pamungkas9189@gmail.com,083130129362,Islam,"Jl. Ahmad Yani No.7, RT 02/RW 02, Cirebon, Jawa Barat",Perempuan,"Cirebon, 13/10/2005",2024,SMKN 18 Cirebon
CM000752,3091084008,7174159815701208,Faisal Soetomo,faisal.soetomo4785@gmail.com,081936293086,Islam,"Jl. Teuku Umar No.155, RT 15/RW 10, Kotamobagu, Sulawesi Utara",Laki-laki,"Kotamobagu, 03/08/2007",2024,SMKN 20 Kotamobagu
CM000753,9055537216,3278711377389272,Kartika Setiawan,kartika.setiawan8064@gmail.com,087741696978,Islam,"Jl. Pahlawan No.66, RT 03/RW 05, Tasikmalaya, Jawa Barat",Perempuan,"Tasikmalaya, 09/04/2006",2024,MA Negeri Pembangunan Tasikmalaya
CM000754,6574587348,3173768614847688,Raka Fitriani,raka.fitriani8988@gmail.com,081417296239,Islam,"Jl. Sisingamangaraja No.198, RT 02/RW 04, Jakarta Barat, DKI Jakarta",Laki-laki,"Jakarta Barat, 15/08/2007",2024,SMA Swasta 19 Jakarta Barat
CM000755,8239047030,3573169709648052,Zainal Gunawan,zainal.gunawan157@gmail.com,081180509333,Islam,"Jl. Soekarno Hatta No.155, RT 05/RW 03, Malang, Jawa Timur",Laki-laki,"Malang, 02/01/2006",2021,SMKN 15 Malang
CM000756,9798492748,3671206279134432,Tri Kurniawan,tri.kurniawan8357@gmail.com,082393319165,Islam,"Jl. Raya Utama No.143, RT 19/RW 01, Tangerang, Banten",Laki-laki,"Tangerang, 22/01/2006",2023,MAN Cendekia Tangerang
CM000757,9941751801,5108784241604082,Jefri Septiani,jefri.septiani419@gmail.com,082336390374,Islam,"Jl. Diponegoro No.111, RT 20/RW 05, Karangasem, Bali",Laki-laki,"Karangasem, 24/11/2005",2024,SMK Negeri Ahmad Dahlan Karangasem
CM000758,2799126878,9271877167211391,Gilang Hartono,gilang.hartono7150@gmail.com,088281050210,Islam,"Jl. RE. Martadinata No.124, RT 15/RW 03, Sorong, Papua",Laki-laki,"Sorong, 04/03/2007",2024,SMK Swasta 24 Sorong
CM000759,0977632507,1371915897202443,Bagas Wardana,bagas.wardana614@gmail.com,087730257480,Islam,"Jl. Cut Nyak Dien No.106, RT 02/RW 06, Padang, Sumatera Barat",Laki-laki,"Padang, 25/05/2007",2021,MA Negeri Kartini Padang
CM000760,8649179842,1871356236043948,Maya Pamungkas,maya.pamungkas9035@gmail.com,081113178890,Islam,"Jl. Tentara Pelajar No.51, RT 03/RW 01, Bandar Lampung, Lampung",Perempuan,"Bandar Lampung, 23/10/2007",2020,MAN Cendekia Bandar Lampung
CM000761,5245373832,5272599936517150,Zulfa Nugroho,zulfa.nugroho7814@gmail.com,089591354721,Islam,"Jl. Ahmad Yani No.70, RT 07/RW 09, Bima, Nusa Tenggara Barat",Laki-laki,"Bima, 13/02/2007",2024,MA Negeri Ahmad Dahlan Bima
CM000762,0937212347,1272558068214660,Eka Suharto,eka.suharto4120@gmail.com,083800115123,Islam,"Jl. RE. Martadinata No.186, RT 01/RW 06, Pematangsiantar, Sumatera Utara",Perempuan,"Pematangsiantar, 02/08/2003",2022,SMK Swasta Muhammadiyah Pematangsiantar
CM000763,4798303738,5103597524338655,Zainal Sinaga,zainal.sinaga4391@gmail.com,082178852583,Katolik,"Jl. Teuku Umar No.41, RT 19/RW 08, Tabanan, Bali",Laki-laki,"Tabanan, 27/08/2005",2023,SMAN Unggulan Tabanan
CM000764,4009530340,9471647341847321,Bima Andriani,bima.andriani7567@gmail.com,081275274570,Kristen,"Jl. Diponegoro No.61, RT 05/RW 04, Jayapura, Papua",Laki-laki,"Jayapura, 09/07/2007",2025,SMK Swasta Hasanuddin Jayapura
CM000765,4350110719,3202561445041385,Zara Manurung,zara.manurung6726@gmail.com,089748532032,Islam,"Jl. Diponegoro No.73, RT 05/RW 06, Sukabumi, Jawa Barat",Perempuan,"Sukabumi, 24/10/2006",2024,SMA Swasta 14 Sukabumi
CM000766,3964454098,7371204815787118,Yasmin Iskandar,yasmin.iskandar7036@gmail.com,089629596685,Islam,"Jl. Panglima Besar No.127, RT 15/RW 04, Makassar, Sulawesi Selatan",Perempuan,"Makassar, 20/03/2007",2025,MA Swasta Al-Azhar Makassar
CM000767,3735483479,6474330680868570,Fani Ardiansyah,fani.ardiansyah3033@gmail.com,081722510406,Islam,"Jl. Ahmad Yani No.139, RT 06/RW 10, Bontang, Kalimantan Timur",Perempuan,"Bontang, 06/05/2007",2025,MAN Pancasila Bontang
CM000768,1652945950,1472340698076188,Hadi Sinaga,hadi.sinaga4296@gmail.com,082209051064,Islam,"Jl. Ahmad Yani No.176, RT 07/RW 07, Dumai, Riau",Laki-laki,"Dumai, 10/12/2006",2023,MAN Plus Dumai
CM000769,9090526506,1871662384974914,Wawan Situmorang,wawan.situmorang3881@gmail.com,085232607597,Islam,"Jl. Pemuda No.100, RT 02/RW 03, Bandar Lampung, Lampung",Laki-laki,"Bandar Lampung, 05/08/2007",2024,SMK Swasta Terpadu Bandar Lampung
CM000770,9677934983,6402705960004513,Evan Wijaya,evan.wijaya8316@gmail.com,087706492607,Islam,"Jl. Soekarno Hatta No.107, RT 10/RW 06, Kutai Kartanegara, Kalimantan Timur",Laki-laki,"Kutai Kartanegara, 16/02/2007",2025,SMK Swasta Cendekia Kutai Kartanegara
CM000771,6101583620,7171838553761617,Zainal Maulana,zainal.maulana7039@gmail.com,089860357703,Islam,"Jl. Sisingamangaraja No.26, RT 20/RW 06, Manado, Sulawesi Utara",Laki-laki,"Manado, 20/07/2005",2023,MAN 5 Manado
CM000772,3064152900,8171772711038791,Zelda Santoso,zelda.santoso3504@gmail.com,081729892625,Islam,"Jl. Raya Utama No.40, RT 09/RW 06, Ambon, Maluku",Perempuan,"Ambon, 24/01/2007",2024,MA Negeri Nusantara Ambon
CM000773,0680166388,5102886674397517,Rina Salim,rina.salim2341@gmail.com,082393097027,Kristen,"Jl. Pemuda No.60, RT 04/RW 03, Badung, Bali",Perempuan,"Badung, 13/03/2005",2022,MA Swasta 12 Badung
CM000774,0955497929,3673082700891127,Laras Puspitasari,laras.puspitasari4681@gmail.com,081733578294,Katolik,"Jl. Imam Bonjol No.89, RT 03/RW 03, Serang, Banten",Perempuan,"Serang, 25/12/2008",2025,SMK Swasta Muhammadiyah Serang
CM000775,4175076116,1171539071105645,Kirana Santoso,kirana.santoso2472@gmail.com,081962829863,Islam,"Jl. Sudirman No.80, RT 14/RW 07, Banda Aceh, Aceh",Perempuan,"Banda Aceh, 01/12/2007",2025,SMKN 21 Banda Aceh
CM000776,9391616508,5201609416213027,Cahaya Budiman,cahaya.budiman3239@gmail.com,081461066177,Konghucu,"Jl. Gatot Subroto No.84, RT 09/RW 08, Lombok Barat, Nusa Tenggara Barat",Perempuan,"Lombok Barat, 21/09/2006",2023,SMK Swasta 17 Lombok Barat
CM000777,1900381269,3174201870245987,Dwi Gunawan,dwi.gunawan232@gmail.com,081509486622,Islam,"Jl. MT. Haryono No.90, RT 15/RW 01, Jakarta Selatan, DKI Jakarta",Laki-laki,"Jakarta Selatan, 24/05/2006",2024,SMA Swasta 24 Jakarta Selatan
CM000778,6444114490,3172389556866919,Umar Suharto,umar.suharto992@gmail.com,089561863346,Islam,"Jl. Pahlawan No.10, RT 16/RW 08, Jakarta Utara, DKI Jakarta",Laki-laki,"Jakarta Utara, 25/03/2006",2025,MA Swasta 16 Jakarta Utara
CM000779,6787346704,1274643294895340,Tika Handayani,tika.handayani5864@gmail.com,089505350988,Islam,"Jl. Diponegoro No.3, RT 01/RW 04, Tebing Tinggi, Sumatera Utara",Perempuan,"Tebing Tinggi, 17/03/2005",2022,MA Swasta 20 Tebing Tinggi
CM000780,1448218728,3403541035846307,Ferry Handayani,ferry.handayani6824@gmail.com,082335232634,Islam,"Jl. Hayam Wuruk No.113, RT 19/RW 04, Gunung Kidul, DI Yogyakarta",Laki-laki,"Gunung Kidul, 14/07/2006",2024,MAN 19 Gunung Kidul
CM000781,4281797504,1871689832826889,Cahaya Pratama,cahaya.pratama6225@gmail.com,085504069982,Islam,"Jl. Gatot Subroto No.19, RT 06/RW 02, Bandar Lampung, Lampung",Perempuan,"Bandar Lampung, 24/02/2004",2022,SMAN Ahmad Dahlan Bandar Lampung
CM000782,0900841208,7371928572361845,Willy Puspitasari,willy.puspitasari1225@gmail.com,081474674708,Islam,"Jl. Pahlawan No.116, RT 11/RW 07, Makassar, Sulawesi Selatan",Laki-laki,"Makassar, 13/09/2004",2023,MA Swasta Al-Azhar Makassar
CM000783,1882177807,7308792324283805,Zara Ardiansyah,zara.ardiansyah2089@gmail.com,083158036649,Islam,"Jl. Veteran No.177, RT 15/RW 05, Bone, Sulawesi Selatan",Perempuan,"Bone, 09/12/2005",2022,MA Swasta Cendekia Bone
CM000784,4070467653,3404313598051055,Bella Permana,bella.permana1179@gmail.com,083879385633,Islam,"Jl. Panglima Besar No.7, RT 17/RW 03, Sleman, DI Yogyakarta",Perempuan,"Sleman, 05/04/2008",2025,SMA Negeri 11 Sleman
CM000785,5581652249,5171554993579099,Tika Azzahra,tika.azzahra1438@gmail.com,081158863051,Islam,"Jl. Pahlawan No.199, RT 07/RW 10, Denpasar, Bali",Perempuan,"Denpasar, 27/11/2006",2025,MA Swasta Pembangunan Denpasar
CM000786,6244172013,3202612310202780,Gita Sudirman,gita.sudirman5923@gmail.com,081551034230,Islam,"Jl. MT. Haryono No.198, RT 12/RW 06, Sukabumi, Jawa Barat",Perempuan,"Sukabumi, 02/04/2004",2022,MA Swasta Harapan Bangsa Sukabumi
CM000787,3766040113,9471860634486208,Dwi Wahyudi,dwi.wahyudi9816@gmail.com,085591228912,Islam,"Jl. Brigjen Katamso No.69, RT 14/RW 05, Jayapura, Papua",Laki-laki,"Jayapura, 08/03/2004",2023,MA Negeri Nusantara Jayapura
CM000788,2057857316,3201137755661640,Okvia Siregar,okvia.siregar8809@gmail.com,081201638831,Islam,"Jl. Sudirman No.35, RT 20/RW 08, Bogor, Jawa Barat",Perempuan,"Bogor, 13/12/2008",2025,SMA Negeri Insan Kamil Bogor
CM000789,1752052854,5272267680596742,Zara Kusuma,zara.kusuma7236@gmail.com,085852482019,Islam,"Jl. Veteran No.194, RT 05/RW 05, Bima, Nusa Tenggara Barat",Perempuan,"Bima, 07/12/2003",2022,SMAN Muhammadiyah Bima
CM000790,0122068205,9471925591136810,Dani Oktaviani,dani.oktaviani7701@gmail.com,087762111662,Islam,"Jl. Merdeka No.108, RT 10/RW 03, Jayapura, Papua",Laki-laki,"Jayapura, 22/03/2006",2025,SMA Negeri Terpadu Jayapura
CM000791,6906537538,1471435783811806,Bunga Wibowo,bunga.wibowo5133@gmail.com,081372570073,Islam,"Jl. Raya Utama No.113, RT 09/RW 05, Pekanbaru, Riau",Perempuan,"Pekanbaru, 24/12/2004",2022,SMK Negeri 21 Pekanbaru
CM000792,8986094784,7371700664411514,Ika Wijaya,ika.wijaya99@gmail.com,081531955200,Islam,"Jl. Imam Bonjol No.133, RT 05/RW 03, Makassar, Sulawesi Selatan",Perempuan,"Makassar, 27/04/2004",2022,MA Negeri Insan Kamil Makassar
CM000793,6073441025,9471712863978843,Bayu Kusuma,bayu.kusuma620@gmail.com,081985621946,Islam,"Jl. Soekarno Hatta No.191, RT 12/RW 09, Jayapura, Papua",Laki-laki,"Jayapura, 09/08/2006",2024,SMK Swasta Harapan Bangsa Jayapura
CM000794,9142603225,3673772014162360,Gita Mulyadi,gita.mulyadi795@gmail.com,085506616042,Kristen,"Jl. Pemuda No.12, RT 13/RW 10, Serang, Banten",Perempuan,"Serang, 22/01/2005",2022,SMA Swasta Harapan Bangsa Serang
CM000795,9377742298,5203410451047932,Jefri Suharto,jefri.suharto4415@gmail.com,082398219145,Islam,"Jl. Diponegoro No.145, RT 03/RW 07, Sumbawa, Nusa Tenggara Barat",Laki-laki,"Sumbawa, 14/09/2008",2025,SMK Negeri 20 Sumbawa
CM000796,9836950399,3404449242528252,Eka Pratama,eka.pratama5109@gmail.com,083872471471,Islam,"Jl. Soekarno Hatta No.117, RT 07/RW 06, Sleman, DI Yogyakarta",Perempuan,"Sleman, 18/08/2005",2024,SMKN Diponegoro Sleman
CM000797,4556918556,8171710273671787,Naufal Hartono,naufal.hartono9558@gmail.com,082389249494,Islam,"Jl. Imam Bonjol No.75, RT 09/RW 01, Ambon, Maluku",Laki-laki,"Ambon, 04/11/2007",2024,SMA Swasta Islam Terpadu Ambon
CM000798,7416819571,1274029902153611,Lukman Halim,lukman.halim1065@gmail.com,082181850269,Islam,"Jl. Teuku Umar No.145, RT 05/RW 05, Tebing Tinggi, Sumatera Utara",Laki-laki,"Tebing Tinggi, 25/09/2008",2025,SMK Negeri 6 Tebing Tinggi
CM000799,2486351706,3673980756896812,Fika Oktavia,fika.oktavia1338@gmail.com,081643512955,Islam,"Jl. Veteran No.142, RT 05/RW 08, Serang, Banten",Perempuan,"Serang, 02/01/2006",2025,SMK Negeri Nusantara Serang
CM000800,8189675782,1273383850076976,Kartika Manurung,kartika.manurung5710@gmail.com,082250983369,Katolik,"Jl. Gatot Subroto No.190, RT 13/RW 04, Binjai, Sumatera Utara",Perempuan,"Binjai, 14/02/2004",2022,SMA Swasta 23 Binjai
CM000801,7088986087,1272435030088243,Aldi Putranto,aldi.putranto8174@gmail.com,081672861049,Islam,"Jl. Raya Utama No.53, RT 15/RW 10, Pematangsiantar, Sumatera Utara",Laki-laki,"Pematangsiantar, 23/05/2004",2022,SMA Swasta 22 Pematangsiantar
CM000802,5478860946,1271278752574284,Ferry Saputra,ferry.saputra5758@gmail.com,083832321664,Islam,"Jl. Soekarno Hatta No.119, RT 15/RW 07, Sibolga, Sumatera Utara",Laki-laki,"Sibolga, 05/06/2004",2023,MAN 21 Sibolga
CM000803,2938221149,1273258937274113,Zainal Purnomo,zainal.purnomo6166@gmail.com,089531932442,Islam,"Jl. Gatot Subroto No.170, RT 14/RW 02, Binjai, Sumatera Utara",Laki-laki,"Binjai, 22/02/2006",2024,MAN Budi Utomo Binjai
CM000804,5487407921,9407068695077973,Hana Manurung,hana.manurung353@gmail.com,081990055940,Islam,"Jl. Imam Bonjol No.40, RT 05/RW 06, Mimika, Papua",Perempuan,"Mimika, 07/06/2007",2024,SMKN 9 Mimika
CM000805,6615730385,6471600065009178,Putra Kusuma,putra.kusuma8681@gmail.com,085566753671,Islam,"Jl. Ahmad Yani No.71, RT 06/RW 08, Samarinda, Kalimantan Timur",Laki-laki,"Samarinda, 03/12/2008",2025,MA Swasta Ahmad Dahlan Samarinda
CM000806,9508303103,3372508147773014,Zulfa Rahayu,zulfa.rahayu6122@gmail.com,085210157959,Islam,"Jl. Hayam Wuruk No.160, RT 06/RW 01, Surakarta, Jawa Tengah",Laki-laki,"Surakarta, 09/01/2004",2023,MAN Plus Surakarta
CM000807,2679490088,7372048776812677,Danang Handayani,danang.handayani1194@gmail.com,088119758475,Islam,"Jl. Sudirman No.196, RT 05/RW 03, Parepare, Sulawesi Selatan",Laki-laki,"Parepare, 01/12/2004",2022,MA Swasta Plus Parepare
CM000808,5487474741,1171022220663269,Bella Hutapea,bella.hutapea6264@gmail.com,083176070152,Islam,"Jl. Sisingamangaraja No.53, RT 04/RW 10, Banda Aceh, Aceh",Perempuan,"Banda Aceh, 21/08/2007",2024,MA Swasta 25 Banda Aceh
CM000809,1034083085,8101102947196125,Bhanu Budiman,bhanu.budiman9912@gmail.com,089548415612,Kristen,"Jl. Hayam Wuruk No.104, RT 15/RW 09, Maluku Tengah, Maluku",Laki-laki,"Maluku Tengah, 04/07/2003",2022,SMKN 8 Maluku Tengah
CM000810,2091125096,3574533202865540,Ilham Hasan,ilham.hasan6770@gmail.com,081161711476,Islam,"Jl. Gatot Subroto No.128, RT 12/RW 01, Probolinggo, Jawa Timur",Laki-laki,"Probolinggo, 23/08/2006",2024,MA Swasta 2 Probolinggo
CM000811,8006015003,6471931021769240,Olivia Adiputra,olivia.adiputra5258@gmail.com,081501530068,Islam,"Jl. Merdeka No.124, RT 11/RW 03, Samarinda, Kalimantan Timur",Perempuan,"Samarinda, 27/07/2007",2024,MA Negeri 8 Samarinda
CM000812,7612846956,7371689567280449,Keisha Purnomo,keisha.purnomo7097@gmail.com,085851523494,Islam,"Jl. Sudirman No.150, RT 06/RW 02, Makassar, Sulawesi Selatan",Perempuan,"Makassar, 26/09/2006",2025,SMK Negeri Diponegoro Makassar
CM000813,8366052171,3273220629893351,Fani Sinaga,fani.sinaga9115@gmail.com,085714064718,Katolik,"Jl. Tentara Pelajar No.141, RT 20/RW 10, Bandung, Jawa Barat",Perempuan,"Bandung, 19/03/2007",2025,MA Swasta 22 Bandung
CM000814,6743984050,5203594998013453,Kartika Wardana,kartika.wardana4763@gmail.com,081876543827,Islam,"Jl. Brigjen Katamso No.108, RT 08/RW 10, Sumbawa, Nusa Tenggara Barat",Perempuan,"Sumbawa, 23/08/2007",2025,SMKN 15 Sumbawa
CM000815,3816252324,1172492623373736,Hani Situmorang,hani.situmorang3801@gmail.com,081705151446,Islam,"Jl. Sudirman No.18, RT 01/RW 05, Lhokseumawe, Aceh",Perempuan,"Lhokseumawe, 23/03/2005",2024,MA Negeri 3 Lhokseumawe
CM000816,3253397231,7373199351559880,Clara Ibrahim,clara.ibrahim7947@gmail.com,083109140989,Islam,"Jl. Teuku Umar No.55, RT 07/RW 10, Palopo, Sulawesi Selatan",Perempuan,"Palopo, 20/12/2005",2024,SMKN 25 Palopo
CM000817,9770773256,3674371016031284,Zelda Adiputra,zelda.adiputra4930@gmail.com,089734775102,Islam,"Jl. Hayam Wuruk No.41, RT 14/RW 01, Tangerang Selatan, Banten",Perempuan,"Tangerang Selatan, 11/03/2008",2025,MA Swasta Hasanuddin Tangerang Selatan
CM000818,2194823719,1801851679423996,Galih Gunawan,galih.gunawan2436@gmail.com,082372654916,Islam,"Jl. Diponegoro No.51, RT 10/RW 10, Lampung Selatan, Lampung",Laki-laki,"Lampung Selatan, 17/07/2005",2023,SMA Swasta 7 Lampung Selatan
CM000819,6268419996,3574365371844065,Surya Nasution,surya.nasution5691@gmail.com,082262541846,Islam,"Jl. RE. Martadinata No.192, RT 13/RW 04, Probolinggo, Jawa Timur",Laki-laki,"Probolinggo, 17/02/2005",2022,SMK Negeri 24 Probolinggo
CM000820,0424611873,1472036107363621,Amelia Sulistyowati,amelia.sulistyowati2770@gmail.com,089780075781,Kristen,"Jl. Pahlawan No.146, RT 19/RW 04, Dumai, Riau",Perempuan,"Dumai, 24/05/2005",2024,SMA Swasta Diponegoro Dumai
CM000821,7342454790,1173500457073256,Adinda Prasetyo,adinda.prasetyo1445@gmail.com,089859563146,Hindu,"Jl. Merdeka No.79, RT 14/RW 10, Sabang, Aceh",Perempuan,"Sabang, 13/01/2006",2024,MA Swasta Nusantara Sabang
CM000822,1242889107,3672954310363506,Denny Siregar,denny.siregar5391@gmail.com,089566357397,Islam,"Jl. Diponegoro No.84, RT 20/RW 01, Cilegon, Banten",Laki-laki,"Cilegon, 02/04/2005",2022,SMAN 18 Cilegon
CM000823,3834696598,1402244232210407,Mira Handayani,mira.handayani2682@gmail.com,085738209246,Islam,"Jl. Imam Bonjol No.64, RT 17/RW 07, Bengkalis, Riau",Perempuan,"Bengkalis, 11/11/2005",2023,SMA Swasta Sudirman Bengkalis
CM000824,4722481586,3672230651630470,Taufik Fitriani,taufik.fitriani5316@gmail.com,085796441061,Islam,"Jl. Imam Bonjol No.190, RT 12/RW 04, Cilegon, Banten",Laki-laki,"Cilegon, 28/07/2006",2025,MAN 21 Cilegon
CM000825,1739211768,5171701121274509,Julio Situmorang,julio.situmorang8079@gmail.com,081653091864,Islam,"Jl. Sultan Agung No.46, RT 14/RW 10, Denpasar, Bali",Laki-laki,"Denpasar, 04/09/2006",2025,MA Negeri 18 Denpasar
CM000826,7322835793,3674104388930268,Lutfi Suryadi,lutfi.suryadi7454@gmail.com,089792872301,Islam,"Jl. Cut Nyak Dien No.138, RT 03/RW 04, Tangerang Selatan, Banten",Laki-laki,"Tangerang Selatan, 17/01/2003",2022,SMA Swasta 22 Tangerang Selatan
CM000827,8786986771,9471228007903712,Zainal Nasution,zainal.nasution9204@gmail.com,081351214977,Kristen,"Jl. Veteran No.173, RT 03/RW 04, Jayapura, Papua",Laki-laki,"Jayapura, 14/07/2005",2023,SMK Swasta Hasanuddin Jayapura
CM000828,3852425622,7172140643399978,Sari Azzahra,sari.azzahra8921@gmail.com,081365654463,Islam,"Jl. Veteran No.60, RT 10/RW 03, Bitung, Sulawesi Utara",Perempuan,"Bitung, 09/11/2006",2024,MA Swasta 8 Bitung
CM000829,8549327565,5272778288584886,Erwin Oktavia,erwin.oktavia4920@gmail.com,085877738354,Buddha,"Jl. Raya Utama No.121, RT 20/RW 10, Bima, Nusa Tenggara Barat",Laki-laki,"Bima, 15/02/2005",2024,SMKN 5 Bima
CM000830,2648905693,8171360101088171,Ferry Sinaga,ferry.sinaga2381@gmail.com,089929560881,Islam,"Jl. Ahmad Yani No.89, RT 16/RW 09, Ambon, Maluku",Laki-laki,"Ambon, 20/10/2005",2024,MAN 2 Ambon
CM000831,4332850325,6474445283174602,Nadia Andriani,nadia.andriani888@gmail.com,082283277720,Islam,"Jl. Imam Bonjol No.62, RT 01/RW 05, Bontang, Kalimantan Timur",Perempuan,"Bontang, 18/03/2006",2025,MAN Muhammadiyah Bontang
CM000832,8322146449,5104887658388218,Tiara Oktaviani,tiara.oktaviani2192@gmail.com,081744283421,Islam,"Jl. Sisingamangaraja No.28, RT 19/RW 04, Gianyar, Bali",Perempuan,"Gianyar, 10/02/2005",2023,SMK Swasta 11 Gianyar
CM000833,7230034962,3202141982603274,Rina Suryadi,rina.suryadi7841@gmail.com,081442411280,Islam,"Jl. Merdeka No.192, RT 12/RW 06, Sukabumi, Jawa Barat",Perempuan,"Sukabumi, 10/09/2005",2022,MAN 8 Sukabumi
CM000834,8588206476,3404317557205595,Zahra Kurniawan,zahra.kurniawan2179@gmail.com,081543784415,Islam,"Jl. Panglima Besar No.174, RT 10/RW 05, Sleman, DI Yogyakarta",Perempuan,"Sleman, 19/11/2008",2025,SMKN 1 Sleman
CM000835,2185563204,8172113528766628,Eko Pamungkas,eko.pamungkas7026@gmail.com,081551385750,Islam,"Jl. Raya Utama No.140, RT 03/RW 06, Tual, Maluku",Laki-laki,"Tual, 14/07/2005",2024,SMKN 6 Tual
CM000836,8996671453,3674581877656715,Ferry Prasetyo,ferry.prasetyo6882@gmail.com,089501609707,Islam,"Jl. Brigjen Katamso No.8, RT 12/RW 04, Tangerang Selatan, Banten",Laki-laki,"Tangerang Selatan, 26/10/2007",2024,SMA Negeri Cendekia Tangerang Selatan
CM000837,9254021425,5104820839886022,Rahma Nugraha,rahma.nugraha6848@gmail.com,087757231590,Katolik,"Jl. Veteran No.156, RT 10/RW 03, Gianyar, Bali",Perempuan,"Gianyar, 25/02/2007",2024,SMAN 18 Gianyar
CM000838,1434651161,3174238921015086,Leo Hartono,leo.hartono7695@gmail.com,087856274713,Islam,"Jl. Diponegoro No.189, RT 08/RW 09, Jakarta Selatan, DKI Jakarta",Laki-laki,"Jakarta Selatan, 12/08/2003",2022,SMA Negeri Unggulan Jakarta Selatan
CM000839,3631593950,1172210853443691,Rina Wijaya,rina.wijaya3514@gmail.com,082373316678,Islam,"Jl. Sultan Agung No.173, RT 03/RW 10, Lhokseumawe, Aceh",Perempuan,"Lhokseumawe, 12/08/2006",2023,MA Negeri Cendekia Lhokseumawe
CM000840,9040826094,7172727557217451,Vino Oktaviani,vino.oktaviani1988@gmail.com,085307780193,Islam,"Jl. Imam Bonjol No.144, RT 04/RW 08, Bitung, Sulawesi Utara",Laki-laki,"Bitung, 26/12/2005",2023,SMA Negeri Kartini Bitung
CM000841,9854155300,3273760376466461,Surya Budiman,surya.budiman9302@gmail.com,085362836290,Islam,"Jl. Cut Nyak Dien No.3, RT 03/RW 01, Bandung, Jawa Barat",Laki-laki,"Bandung, 05/09/2008",2025,MA Swasta 2 Bandung
CM000842,8551914862,7172851693063336,Ivan Budiman,ivan.budiman9067@gmail.com,081934429743,Kristen,"Jl. Soekarno Hatta No.183, RT 07/RW 01, Bitung, Sulawesi Utara",Laki-laki,"Bitung, 28/03/2007",2025,SMKN Harapan Bangsa Bitung
CM000843,9865961581,1801519872821785,Pandu Manurung,pandu.manurung1075@gmail.com,082279908229,Islam,"Jl. RE. Martadinata No.120, RT 12/RW 02, Lampung Selatan, Lampung",Laki-laki,"Lampung Selatan, 09/06/2006",2023,SMA Negeri Ahmad Dahlan Lampung Selatan
CM000844,9894852892,3401059775375212,Berlian Ramadhan,berlian.ramadhan4654@gmail.com,081926427765,Islam,"Jl. Veteran No.4, RT 11/RW 08, Kulon Progo, DI Yogyakarta",Perempuan,"Kulon Progo, 12/01/2007",2024,SMAN Nusantara Kulon Progo
CM000845,3057438183,7306666572406888,Fani Rahayu,fani.rahayu4910@gmail.com,081779144956,Islam,"Jl. Pahlawan No.137, RT 11/RW 09, Gowa, Sulawesi Selatan",Perempuan,"Gowa, 27/03/2006",2025,SMK Negeri Nusantara Gowa
CM000846,8376475570,3671166156260776,Dwi Kusuma,dwi.kusuma1750@gmail.com,085739813525,Hindu,"Jl. MT. Haryono No.60, RT 09/RW 06, Tangerang, Banten",Laki-laki,"Tangerang, 02/03/2005",2022,SMKN Islam Terpadu Tangerang
CM000847,8320857709,1401354033134927,Putra Nugroho,putra.nugroho157@gmail.com,081346564131,Islam,"Jl. Soekarno Hatta No.147, RT 19/RW 01, Kampar, Riau",Laki-laki,"Kampar, 20/11/2006",2024,SMA Negeri 20 Kampar
CM000848,5720810312,3471294362192104,Lina Prasetyo,lina.prasetyo8330@gmail.com,081571370372,Islam,"Jl. Soekarno Hatta No.15, RT 04/RW 01, Yogyakarta, DI Yogyakarta",Perempuan,"Yogyakarta, 08/03/2004",2022,MA Negeri 20 Yogyakarta
CM000849,0880125045,8171985465486578,Vian Hermawan,vian.hermawan4648@gmail.com,088146831774,Islam,"Jl. Merdeka No.152, RT 03/RW 09, Ambon, Maluku",Laki-laki,"Ambon, 15/10/2004",2023,SMKN 15 Ambon
CM000850,0610520851,3573536597855448,Gracia Nugraha,gracia.nugraha242@gmail.com,085688334949,Islam,"Jl. MT. Haryono No.118, RT 10/RW 01, Malang, Jawa Timur",Perempuan,"Malang, 07/10/2007",2025,SMK Swasta Harapan Bangsa Malang
CM000851,8265891538,8171670005761858,Eko Lubis,eko.lubis2430@gmail.com,082302646355,Islam,"Jl. Gatot Subroto No.57, RT 13/RW 09, Ambon, Maluku",Laki-laki,"Ambon, 03/02/2005",2024,MAN Nusantara Ambon
CM000852,3517358755,3277876370903956,Hani Susanto,hani.susanto4459@gmail.com,085781299452,Islam,"Jl. Pemuda No.174, RT 01/RW 02, Cimahi, Jawa Barat",Perempuan,"Cimahi, 01/09/2006",2023,SMK Negeri Pembangunan Cimahi
CM000853,2912373358,3273098404337585,Xena Wibowo,xena.wibowo5035@gmail.com,085870843135,Islam,"Jl. RE. Martadinata No.134, RT 06/RW 07, Bandung, Jawa Barat",Perempuan,"Bandung, 19/01/2006",2024,SMA Negeri Unggulan Bandung
CM000854,6827539113,1472507632695153,Jenny Nugroho,jenny.nugroho9996@gmail.com,085527030510,Islam,"Jl. Pahlawan No.90, RT 10/RW 05, Dumai, Riau",Perempuan,"Dumai, 04/08/2003",2022,MA Negeri 11 Dumai
CM000855,2277562552,1271182761843500,Lestari Halim,lestari.halim1173@gmail.com,081337355949,Islam,"Jl. Sisingamangaraja No.148, RT 14/RW 05, Sibolga, Sumatera Utara",Perempuan,"Sibolga, 26/10/2005",2024,SMA Negeri 14 Sibolga
CM000856,2055733737,1375778587379964,Galih Adiputra,galih.adiputra1540@gmail.com,082301555647,Islam,"Jl. Brigjen Katamso No.84, RT 14/RW 09, Pariaman, Sumatera Barat",Laki-laki,"Pariaman, 12/05/2007",2024,SMK Swasta Al-Azhar Pariaman
CM000857,7417028735,7173662733571787,Joko Maulana,joko.maulana2087@gmail.com,089969632091,Islam,"Jl. Sultan Agung No.165, RT 14/RW 08, Tomohon, Sulawesi Utara",Laki-laki,"Tomohon, 09/10/2006",2025,SMK Negeri 12 Tomohon
CM000858,1517093977,7308627277361134,Yovita Rahayu,yovita.rahayu5261@gmail.com,085574680064,Islam,"Jl. Teuku Umar No.171, RT 03/RW 01, Bone, Sulawesi Selatan",Perempuan,"Bone, 06/08/2005",2023,SMA Negeri 1 Bone
CM000859,6989700056,5272356965721089,Ivan Manurung,ivan.manurung6602@gmail.com,083154569569,Islam,"Jl. Cut Nyak Dien No.87, RT 03/RW 08, Bima, Nusa Tenggara Barat",Laki-laki,"Bima, 08/02/2005",2023,MAN 12 Bima
CM000860,3395041525,3471987210944588,Julio Anggraini,julio.anggraini6668@gmail.com,085789817819,Islam,"Jl. Soekarno Hatta No.175, RT 20/RW 10, Yogyakarta, DI Yogyakarta",Laki-laki,"Yogyakarta, 05/07/2006",2024,SMAN Terpadu Yogyakarta
CM000861,0056385754,3673420436983806,Okta Ibrahim,okta.ibrahim9340@gmail.com,089926665756,Islam,"Jl. Soekarno Hatta No.197, RT 12/RW 08, Serang, Banten",Laki-laki,"Serang, 18/05/2007",2024,MAN 22 Serang
CM000862,9307921685,7173776167944723,Zelda Maulana,zelda.maulana2331@gmail.com,085607606816,Islam,"Jl. Pemuda No.154, RT 14/RW 06, Tomohon, Sulawesi Utara",Perempuan,"Tomohon, 25/09/2005",2023,SMA Negeri 23 Tomohon
CM000863,9807332832,1471727868150972,Mirza Kurniawan,mirza.kurniawan6196@gmail.com,081330757103,Islam,"Jl. Gatot Subroto No.77, RT 09/RW 10, Pekanbaru, Riau",Laki-laki,"Pekanbaru, 15/07/2004",2022,SMKN 7 Pekanbaru
CM000864,5817128771,1172753795337090,Bima Sihombing,bima.sihombing7178@gmail.com,085580206439,Katolik,"Jl. Brigjen Katamso No.22, RT 18/RW 02, Lhokseumawe, Aceh",Laki-laki,"Lhokseumawe, 03/01/2006",2024,SMAN Islam Terpadu Lhokseumawe
CM000865,3247400177,1171054008267348,Kartika Nasution,kartika.nasution7033@gmail.com,081250899085,Islam,"Jl. MT. Haryono No.90, RT 05/RW 06, Banda Aceh, Aceh",Perempuan,"Banda Aceh, 28/06/2005",2024,MA Swasta 16 Banda Aceh
CM000866,6951506214,5272937810831054,Hani Suharto,hani.suharto605@gmail.com,089506299527,Islam,"Jl. Hayam Wuruk No.56, RT 03/RW 08, Bima, Nusa Tenggara Barat",Perempuan,"Bima, 18/12/2004",2022,MA Swasta Hasanuddin Bima
CM000867,6586603088,3373091395081190,Dwi Puspitasari,dwi.puspitasari4893@gmail.com,088288334049,Hindu,"Jl. Sisingamangaraja No.46, RT 19/RW 07, Salatiga, Jawa Tengah",Laki-laki,"Salatiga, 05/12/2006",2025,SMK Swasta Terpadu Salatiga
CM000868,0196366328,3509876720130474,Oscar Nugraha,oscar.nugraha4088@gmail.com,081609530307,Islam,"Jl. Cut Nyak Dien No.58, RT 07/RW 08, Jember, Jawa Timur",Laki-laki,"Jember, 15/09/2008",2025,SMA Swasta Insan Kamil Jember
CM000869,9543280800,5203341475806539,Raka Hermawan,raka.hermawan4943@gmail.com,085869821999,Islam,"Jl. Panglima Besar No.128, RT 14/RW 04, Sumbawa, Nusa Tenggara Barat",Laki-laki,"Sumbawa, 09/04/2005",2022,SMK Swasta Muhammadiyah Sumbawa
CM000870,1938073832,5271137211036652,Nurul Nasution,nurul.nasution8504@gmail.com,088218040804,Islam,"Jl. Panglima Besar No.64, RT 15/RW 01, Mataram, Nusa Tenggara Barat",Perempuan,"Mataram, 02/03/2007",2024,MA Negeri Terpadu Mataram
CM000871,2198123409,3401611808827494,Priska Suharto,priska.suharto3614@gmail.com,089670014707,Islam,"Jl. Ahmad Yani No.157, RT 01/RW 06, Kulon Progo, DI Yogyakarta",Perempuan,"Kulon Progo, 01/01/2005",2022,SMK Swasta Al-Azhar Kulon Progo
CM000872,9820268758,9271310939676114,Fitri Susanto,fitri.susanto2290@gmail.com,085375182776,Islam,"Jl. Imam Bonjol No.166, RT 01/RW 03, Sorong, Papua",Perempuan,"Sorong, 12/09/2006",2024,SMK Swasta Ahmad Dahlan Sorong
CM000873,1105645006,5271242091567228,Willy Sudirman,willy.sudirman4761@gmail.com,081799531378,Islam,"Jl. Cut Nyak Dien No.171, RT 17/RW 07, Mataram, Nusa Tenggara Barat",Laki-laki,"Mataram, 03/08/2007",2024,SMA Swasta 7 Mataram
CM000874,8493320737,3402824148966810,Gracia Pratama,gracia.pratama960@gmail.com,081354873236,Islam,"Jl. Cut Nyak Dien No.195, RT 20/RW 10, Bantul, DI Yogyakarta",Perempuan,"Bantul, 10/04/2005",2023,SMK Swasta 17 Bantul
CM000875,8492598417,1872823056282124,Ika Firmansyah,ika.firmansyah4847@gmail.com,081216171146,Islam,"Jl. Ahmad Yani No.41, RT 01/RW 03, Metro, Lampung",Perempuan,"Metro, 23/02/2007",2025,SMK Swasta 18 Metro
CM000876,9778217278,7373594674884009,Ulfa Budiman,ulfa.budiman6960@gmail.com,085343277256,Hindu,"Jl. Gatot Subroto No.57, RT 01/RW 03, Palopo, Sulawesi Selatan",Perempuan,"Palopo, 14/02/2006",2024,SMK Negeri 4 Palopo
CM000877,2881175172,1471921374812885,Fajar Permana,fajar.permana3609@gmail.com,089625804030,Islam,"Jl. Sudirman No.123, RT 06/RW 03, Pekanbaru, Riau",Laki-laki,"Pekanbaru, 20/08/2006",2023,SMK Negeri Harapan Bangsa Pekanbaru
CM000878,0934572136,6474766250510395,Tari Azzahra,tari.azzahra3308@gmail.com,088113038268,Islam,"Jl. Panglima Besar No.112, RT 10/RW 10, Bontang, Kalimantan Timur",Perempuan,"Bontang, 27/11/2004",2022,SMK Swasta 2 Bontang
CM000879,6241071333,1172329536852398,Xena Saputra,xena.saputra7954@gmail.com,089748220579,Katolik,"Jl. Merdeka No.172, RT 17/RW 10, Lhokseumawe, Aceh",Perempuan,"Lhokseumawe, 17/07/2005",2024,MA Swasta 18 Lhokseumawe
CM000880,3445278629,7373384425927060,Kukuh Anggraini,kukuh.anggraini805@gmail.com,085641882582,Islam,"Jl. Merdeka No.56, RT 03/RW 08, Palopo, Sulawesi Selatan",Laki-laki,"Palopo, 02/04/2007",2024,SMAN Diponegoro Palopo
CM000881,5316097220,3202647216261271,Arif Azzahra,arif.azzahra377@gmail.com,089973990672,Islam,"Jl. Tentara Pelajar No.140, RT 09/RW 04, Sukabumi, Jawa Barat",Laki-laki,"Sukabumi, 22/07/2006",2024,SMA Negeri 22 Sukabumi
CM000882,2646464714,1172239100178236,Bagas Hidayat,bagas.hidayat5454@gmail.com,081654041973,Islam,"Jl. Imam Bonjol No.139, RT 10/RW 08, Lhokseumawe, Aceh",Laki-laki,"Lhokseumawe, 03/05/2005",2022,MA Negeri 11 Lhokseumawe
CM000883,1608225927,8171060911981889,Sari Ramadhani,sari.ramadhani7083@gmail.com,081805271527,Islam,"Jl. Teuku Umar No.55, RT 03/RW 05, Ambon, Maluku",Perempuan,"Ambon, 22/05/2008",2025,SMA Swasta Gajah Mada Ambon
CM000884,0411291650,6472335498417915,Dedy Lestari,dedy.lestari5583@gmail.com,088166014466,Islam,"Jl. Raya Utama No.51, RT 14/RW 07, Balikpapan, Kalimantan Timur",Laki-laki,"Balikpapan, 17/11/2008",2025,MA Negeri Unggulan Balikpapan
CM000885,1344451505,3401497521264513,Joko Kurniawan,joko.kurniawan4089@gmail.com,081218277903,Islam,"Jl. Cut Nyak Dien No.17, RT 04/RW 06, Kulon Progo, DI Yogyakarta",Laki-laki,"Kulon Progo, 24/04/2006",2023,SMAN Terpadu Kulon Progo
CM000886,3856099195,9271431366667084,Jefri Sudirman,jefri.sudirman9382@gmail.com,081944721993,Konghucu,"Jl. Sisingamangaraja No.197, RT 02/RW 01, Sorong, Papua",Laki-laki,"Sorong, 16/01/2006",2025,SMKN 7 Sorong
CM000887,6433806728,3576862823811461,Desi Sudirman,desi.sudirman4013@gmail.com,081433631937,Islam,"Jl. Teuku Umar No.175, RT 14/RW 09, Pasuruan, Jawa Timur",Perempuan,"Pasuruan, 05/08/2005",2024,MA Negeri 16 Pasuruan
CM000888,6164052091,5272175283832334,Bunga Oktaviani,bunga.oktaviani4554@gmail.com,085786716722,Katolik,"Jl. Ahmad Yani No.65, RT 01/RW 05, Bima, Nusa Tenggara Barat",Perempuan,"Bima, 22/02/2005",2023,SMKN 18 Bima
CM000889,0475102579,3471935196801155,Vina Safitri,vina.safitri7413@gmail.com,089923414620,Islam,"Jl. Soekarno Hatta No.191, RT 01/RW 04, Yogyakarta, DI Yogyakarta",Perempuan,"Yogyakarta, 04/04/2007",2024,SMK Swasta 12 Yogyakarta
CM000890,7840201817,7306046798897028,Xena Saputra,xena.saputra9682@gmail.com,081589089252,Islam,"Jl. RE. Martadinata No.151, RT 11/RW 01, Gowa, Sulawesi Selatan",Perempuan,"Gowa, 27/01/2007",2024,SMKN Unggulan Gowa
CM000891,9162592665,1402640294883074,Jihan Salim,jihan.salim3499@gmail.com,087825204881,Islam,"Jl. Raya Utama No.38, RT 16/RW 01, Bengkalis, Riau",Perempuan,"Bengkalis, 12/08/2005",2023,SMAN Nusantara Bengkalis
CM000892,9284898593,9471909233693369,Dewi Siregar,dewi.siregar4215@gmail.com,085882669675,Islam,"Jl. Hayam Wuruk No.40, RT 01/RW 10, Jayapura, Papua",Perempuan,"Jayapura, 09/09/2007",2025,SMKN 14 Jayapura
CM000893,4163829625,5104412304067753,Clara Lestari,clara.lestari5470@gmail.com,085526442808,Islam,"Jl. Gatot Subroto No.157, RT 11/RW 05, Gianyar, Bali",Perempuan,"Gianyar, 04/12/2005",2024,SMA Negeri 10 Gianyar
CM000894,9937415768,3171322316367747,Taufik Salim,taufik.salim4097@gmail.com,085765771284,Islam,"Jl. Raya Utama No.77, RT 09/RW 10, Jakarta Pusat, DKI Jakarta",Laki-laki,"Jakarta Pusat, 12/12/2007",2025,SMAN 8 Jakarta Pusat
CM000895,3697210642,7173231822474921,Bhanu Hartono,bhanu.hartono769@gmail.com,089853432744,Islam,"Jl. Hayam Wuruk No.176, RT 06/RW 02, Tomohon, Sulawesi Utara",Laki-laki,"Tomohon, 22/08/2007",2024,MA Negeri 5 Tomohon
CM000896,3355926491,3574364789973348,Wulan Wahyuningsih,wulan.wahyuningsih4744@gmail.com,089815272725,Islam,"Jl. Merdeka No.67, RT 05/RW 01, Probolinggo, Jawa Timur",Perempuan,"Probolinggo, 28/01/2008",2025,MA Negeri 20 Probolinggo
CM000897,9861085230,3275772536821737,Arya Hidayat,arya.hidayat1290@gmail.com,085586560281,Kristen,"Jl. Tentara Pelajar No.82, RT 17/RW 06, Bekasi, Jawa Barat",Laki-laki,"Bekasi, 25/06/2006",2024,SMK Swasta Muhammadiyah Bekasi
CM000898,9005150059,3273778548037416,Viola Oktaviani,viola.oktaviani796@gmail.com,081530650648,Islam,"Jl. MT. Haryono No.126, RT 09/RW 07, Bandung, Jawa Barat",Perempuan,"Bandung, 18/08/2005",2023,MAN Pembangunan Bandung
CM000899,1424502473,5108983771280153,Julio Kusuma,julio.kusuma8701@gmail.com,085669727686,Islam,"Jl. Sultan Agung No.9, RT 11/RW 03, Karangasem, Bali",Laki-laki,"Karangasem, 14/06/2006",2025,SMK Negeri Islam Terpadu Karangasem
CM000900,6210921157,1472440249282782,Willy Hasan,willy.hasan4732@gmail.com,087801677497,Islam,"Jl. Gatot Subroto No.150, RT 16/RW 09, Dumai, Riau",Laki-laki,"Dumai, 27/04/2006",2024,SMK Negeri Cendekia Dumai
CM000901,0627151962,3401695327879795,Udin Hidayat,udin.hidayat2116@gmail.com,081649085171,Islam,"Jl. Brigjen Katamso No.6, RT 07/RW 08, Kulon Progo, DI Yogyakarta",Laki-laki,"Kulon Progo, 21/01/2005",2024,SMK Negeri 18 Kulon Progo
CM000902,8309664407,3174592421846321,Maulana Hartono,maulana.hartono5179@gmail.com,085560751591,Islam,"Jl. Sudirman No.165, RT 05/RW 08, Jakarta Selatan, DKI Jakarta",Laki-laki,"Jakarta Selatan, 13/11/2007",2025,SMA Swasta 10 Jakarta Selatan
CM000903,2981340570,3403239131790841,Bella Salim,bella.salim8952@gmail.com,081763125473,Islam,"Jl. RE. Martadinata No.77, RT 17/RW 09, Gunung Kidul, DI Yogyakarta",Perempuan,"Gunung Kidul, 20/05/2006",2023,MAN Diponegoro Gunung Kidul
CM000904,5416613133,3171658829450070,Annisa Soetomo,annisa.soetomo5788@gmail.com,085580118464,Islam,"Jl. Sudirman No.107, RT 09/RW 02, Jakarta Pusat, DKI Jakarta",Perempuan,"Jakarta Pusat, 11/09/2004",2022,SMAN 1 Jakarta Pusat
CM000905,8358310031,1871146554373648,Endah Kusuma,endah.kusuma1548@gmail.com,081652815456,Islam,"Jl. Pahlawan No.77, RT 14/RW 02, Bandar Lampung, Lampung",Perempuan,"Bandar Lampung, 17/05/2007",2025,SMA Negeri 4 Bandar Lampung
CM000906,7417410320,1273082842849950,Nabila Sudirman,nabila.sudirman9586@gmail.com,088245025063,Islam,"Jl. Soekarno Hatta No.166, RT 05/RW 02, Binjai, Sumatera Utara",Perempuan,"Binjai, 24/04/2006",2025,SMAN 11 Binjai
CM000907,1990658578,3578657124941708,Ummu Yulianto,ummu.yulianto4152@gmail.com,088297816556,Islam,"Jl. Hayam Wuruk No.39, RT 03/RW 02, Surabaya, Jawa Timur",Perempuan,"Surabaya, 28/11/2005",2024,SMA Negeri Diponegoro Surabaya
CM000908,5651952051,9471104304148971,Wawan Handayani,wawan.handayani4179@gmail.com,087705697665,Islam,"Jl. Teuku Umar No.131, RT 05/RW 10, Jayapura, Papua",Laki-laki,"Jayapura, 12/06/2007",2025,SMK Negeri 24 Jayapura
CM000909,7864389634,8171808754751029,Raka Oktavia,raka.oktavia3483@gmail.com,085840645947,Islam,"Jl. Panglima Besar No.3, RT 10/RW 01, Ambon, Maluku",Laki-laki,"Ambon, 04/04/2007",2025,SMA Swasta 9 Ambon
CM000910,8667675415,1373954373900493,Agus Fitriani,agus.fitriani115@gmail.com,089864630732,Islam,"Jl. Merdeka No.109, RT 13/RW 05, Solok, Sumatera Barat",Laki-laki,"Solok, 19/04/2004",2023,SMKN 7 Solok
CM000911,9690533198,3173440244687642,Agus Halim,agus.halim2045@gmail.com,087835636904,Islam,"Jl. RE. Martadinata No.179, RT 15/RW 06, Jakarta Barat, DKI Jakarta",Laki-laki,"Jakarta Barat, 11/08/2005",2022,SMA Negeri 20 Jakarta Barat
CM000912,0859535185,7172857076920908,Yasmin Lubis,yasmin.lubis4211@gmail.com,089708124176,Islam,"Jl. Raya Utama No.103, RT 15/RW 01, Bitung, Sulawesi Utara",Perempuan,"Bitung, 14/10/2006",2024,MAN 20 Bitung
CM000913,1879888142,6472823121704603,Hafiz Sinaga,hafiz.sinaga631@gmail.com,085282727417,Islam,"Jl. Raya Utama No.131, RT 04/RW 07, Balikpapan, Kalimantan Timur",Laki-laki,"Balikpapan, 07/10/2006",2025,SMKN Hasanuddin Balikpapan
CM000914,9516274003,3202416591124811,Vivi Siregar,vivi.siregar5734@gmail.com,085784324469,Islam,"Jl. Pemuda No.112, RT 13/RW 10, Sukabumi, Jawa Barat",Perempuan,"Sukabumi, 02/08/2004",2020,SMA Negeri 25 Sukabumi
CM000915,2570759375,6471094389078429,Oscar Manurung,oscar.manurung3329@gmail.com,085254701370,Islam,"Jl. Ahmad Yani No.63, RT 06/RW 08, Samarinda, Kalimantan Timur",Laki-laki,"Samarinda, 17/12/2006",2023,MA Swasta 3 Samarinda
CM000916,4722922222,3175763590543893,Prima Adiputra,prima.adiputra5670@gmail.com,088258584362,Islam,"Jl. MT. Haryono No.97, RT 15/RW 09, Jakarta Timur, DKI Jakarta",Laki-laki,"Jakarta Timur, 13/07/2006",2023,SMAN 17 Jakarta Timur
CM000917,4889859364,3172254346524747,Arif Yulianto,arif.yulianto5554@gmail.com,083144222147,Islam,"Jl. Pahlawan No.187, RT 08/RW 04, Jakarta Utara, DKI Jakarta",Laki-laki,"Jakarta Utara, 10/02/2006",2024,SMKN Hasanuddin Jakarta Utara
CM000918,4087026350,7306920016821058,Bella Rahayu,bella.rahayu3326@gmail.com,085525748683,Islam,"Jl. Raya Utama No.120, RT 01/RW 09, Gowa, Sulawesi Selatan",Perempuan,"Gowa, 17/12/2007",2024,MAN Insan Kamil Gowa
CM000919,1950403390,5203647700839420,Hendra Wijaya,hendra.wijaya865@gmail.com,085242205914,Islam,"Jl. Imam Bonjol No.150, RT 18/RW 04, Sumbawa, Nusa Tenggara Barat",Laki-laki,"Sumbawa, 03/02/2006",2025,SMKN 19 Sumbawa
CM000920,3289521716,7371621477506176,Guntur Sudirman,guntur.sudirman1639@gmail.com,081557564275,Islam,"Jl. Tentara Pelajar No.118, RT 14/RW 10, Makassar, Sulawesi Selatan",Laki-laki,"Makassar, 26/01/2007",2024,MA Swasta Muhammadiyah Makassar
CM000921,1987683980,3572914220310728,Sari Pamungkas,sari.pamungkas2220@gmail.com,081436449352,Islam,"Jl. Panglima Besar No.83, RT 06/RW 03, Blitar, Jawa Timur",Perempuan,"Blitar, 11/11/2008",2025,SMK Swasta 5 Blitar
CM000922,8264885545,5203929752068977,Clara Soetomo,clara.soetomo1464@gmail.com,082272807572,Islam,"Jl. Imam Bonjol No.169, RT 17/RW 04, Sumbawa, Nusa Tenggara Barat",Perempuan,"Sumbawa, 01/06/2005",2023,MA Swasta 24 Sumbawa
CM000923,5952783710,7171056954989122,Ummu Kurniasih,ummu.kurniasih1071@gmail.com,081724181272,Islam,"Jl. Tentara Pelajar No.6, RT 08/RW 10, Manado, Sulawesi Utara",Perempuan,"Manado, 17/03/2005",2023,MA Swasta Cendekia Manado
CM000924,4853990609,3274683257250104,Hesty Wijaya,hesty.wijaya3709@gmail.com,085310915338,Islam,"Jl. Sisingamangaraja No.128, RT 08/RW 07, Cirebon, Jawa Barat",Perempuan,"Cirebon, 25/04/2005",2024,SMA Swasta 18 Cirebon
CM000925,1608459300,5108834803155752,Endah Rahayu,endah.rahayu8408@gmail.com,087801976276,Islam,"Jl. Ahmad Yani No.188, RT 06/RW 08, Karangasem, Bali",Perempuan,"Karangasem, 09/02/2005",2024,MA Negeri Insan Kamil Karangasem
CM000926,1938751592,6472530303674621,Lutfi Sulistyowati,lutfi.sulistyowati5909@gmail.com,085855242556,Islam,"Jl. Raya Utama No.179, RT 04/RW 10, Balikpapan, Kalimantan Timur",Laki-laki,"Balikpapan, 13/12/2004",2023,SMKN 19 Balikpapan
CM000927,4843365054,3173764667217801,Jihan Santoso,jihan.santoso2440@gmail.com,085890243889,Islam,"Jl. Diponegoro No.134, RT 01/RW 06, Jakarta Barat, DKI Jakarta",Perempuan,"Jakarta Barat, 08/02/2006",2025,SMK Negeri Terpadu Jakarta Barat
CM000928,5479196906,1401414941674893,Priska Siregar,priska.siregar6854@gmail.com,085243510553,Islam,"Jl. MT. Haryono No.47, RT 14/RW 01, Kampar, Riau",Perempuan,"Kampar, 18/08/2006",2023,SMA Swasta 22 Kampar
CM000929,4894554990,1375455700438815,Cahyo Wijaya,cahyo.wijaya78@gmail.com,087813183262,Hindu,"Jl. Soekarno Hatta No.174, RT 20/RW 07, Pariaman, Sumatera Barat",Laki-laki,"Pariaman, 25/02/2006",2024,SMA Swasta Muhammadiyah Pariaman
CM000930,4182600384,9407898508976715,Mira Septiani,mira.septiani5726@gmail.com,083168957680,Islam,"Jl. Imam Bonjol No.99, RT 13/RW 01, Mimika, Papua",Perempuan,"Mimika, 16/05/2008",2025,SMA Swasta Harapan Bangsa Mimika
CM000931,5882348413,5103482806689764,Yoga Ramadhani,yoga.ramadhani7573@gmail.com,087812713720,Islam,"Jl. Pahlawan No.129, RT 06/RW 02, Tabanan, Bali",Laki-laki,"Tabanan, 04/04/2006",2024,SMA Negeri 1 Tabanan
CM000932,1963543264,5108768447385739,Dedy Siregar,dedy.siregar6853@gmail.com,081309907246,Islam,"Jl. Panglima Besar No.52, RT 19/RW 01, Karangasem, Bali",Laki-laki,"Karangasem, 19/08/2004",2022,SMA Swasta Terpadu Karangasem
CM000933,0401599470,1274216463840222,Ika Hakim,ika.hakim5436@gmail.com,088180568909,Islam,"Jl. MT. Haryono No.15, RT 20/RW 01, Tebing Tinggi, Sumatera Utara",Perempuan,"Tebing Tinggi, 25/05/2006",2023,SMA Negeri 17 Tebing Tinggi
CM000934,6570049495,3509976035347277,Chandra Soetomo,chandra.soetomo9360@gmail.com,087841148139,Kristen,"Jl. Merdeka No.11, RT 05/RW 07, Jember, Jawa Timur",Laki-laki,"Jember, 28/05/2007",2024,SMA Negeri 9 Jember
CM000935,1761280625,3404418088400690,Pramesti Ardiansyah,pramesti.ardiansyah3575@gmail.com,083846878540,Islam,"Jl. Merdeka No.41, RT 18/RW 06, Sleman, DI Yogyakarta",Perempuan,"Sleman, 11/06/2008",2025,SMK Swasta Cendekia Sleman
CM000936,3881272297,8171700118123606,Ummu Pratama,ummu.pratama1902@gmail.com,089755682479,Islam,"Jl. Pahlawan No.119, RT 09/RW 10, Ambon, Maluku",Perempuan,"Ambon, 22/01/2005",2022,MA Negeri Insan Kamil Ambon
CM000937,8116606548,5201020569715538,Dina Hidayat,dina.hidayat4939@gmail.com,085803020163,Islam,"Jl. Sultan Agung No.178, RT 01/RW 02, Lombok Barat, Nusa Tenggara Barat",Perempuan,"Lombok Barat, 06/01/2005",2024,MA Swasta Unggulan Lombok Barat
CM000938,5871430057,3202547682486911,Okta Septiani,okta.septiani5527@gmail.com,081468950651,Kristen,"Jl. Sudirman No.183, RT 17/RW 05, Sukabumi, Jawa Barat",Perempuan,"Sukabumi, 16/04/2006",2025,SMKN Diponegoro Sukabumi
CM000939,6867268426,1275879746109095,Rizky Hasan,rizky.hasan8472@gmail.com,081685220622,Kristen,"Jl. MT. Haryono No.96, RT 04/RW 01, Medan, Sumatera Utara",Laki-laki,"Medan, 26/08/2005",2022,SMKN 12 Medan
CM000940,6690600020,6474981086021928,Salsa Gunawan,salsa.gunawan1139@gmail.com,087754660074,Islam,"Jl. Pemuda No.50, RT 03/RW 05, Bontang, Kalimantan Timur",Perempuan,"Bontang, 03/07/2007",2024,SMKN Budi Utomo Bontang
CM000941,2643440835,9271374084794242,Hadi Suharto,hadi.suharto7987@gmail.com,087809770428,Islam,"Jl. Pemuda No.178, RT 06/RW 03, Sorong, Papua",Laki-laki,"Sorong, 08/08/2005",2023,MAN 8 Sorong
CM000942,7051730729,3276787303258576,Zulfa Anggraini,zulfa.anggraini293@gmail.com,081739968074,Islam,"Jl. MT. Haryono No.8, RT 18/RW 06, Depok, Jawa Barat",Laki-laki,"Depok, 23/03/2004",2023,SMK Swasta Hasanuddin Depok
CM000943,1901108034,3371440489992133,Mirza Pratama,mirza.pratama726@gmail.com,085290815445,Kristen,"Jl. Sultan Agung No.52, RT 04/RW 05, Magelang, Jawa Tengah",Laki-laki,"Magelang, 17/05/2007",2024,SMA Negeri 17 Magelang
CM000944,6782537217,1374774523930402,Ragil Puspitasari,ragil.puspitasari1754@gmail.com,085796057777,Kristen,"Jl. Ahmad Yani No.21, RT 12/RW 06, Payakumbuh, Sumatera Barat",Laki-laki,"Payakumbuh, 28/04/2006",2023,SMK Negeri 1 Payakumbuh
CM000945,5628882441,9471592009355884,Julio Hartono,julio.hartono1289@gmail.com,081823737821,Islam,"Jl. Sisingamangaraja No.95, RT 16/RW 03, Jayapura, Papua",Laki-laki,"Jayapura, 12/12/2007",2024,SMAN 22 Jayapura
CM000946,5739606773,3402655582729893,Uswah Kusuma,uswah.kusuma5830@gmail.com,085786577757,Islam,"Jl. RE. Martadinata No.29, RT 10/RW 08, Bantul, DI Yogyakarta",Perempuan,"Bantul, 06/09/2005",2022,MA Negeri Ahmad Dahlan Bantul
CM000947,1737439650,3572166956847428,Joko Ramadhani,joko.ramadhani3263@gmail.com,081746242976,Islam,"Jl. MT. Haryono No.43, RT 03/RW 02, Blitar, Jawa Timur",Laki-laki,"Blitar, 14/11/2006",2025,SMA Swasta Budi Utomo Blitar
CM000948,1267212379,3578667387682778,Jenny Lubis,jenny.lubis6869@gmail.com,081952875997,Islam,"Jl. Pemuda No.119, RT 19/RW 09, Surabaya, Jawa Timur",Perempuan,"Surabaya, 17/08/2004",2023,SMK Swasta Al-Azhar Surabaya
CM000949,5678389637,1471358594923460,Okta Santoso,okta.santoso5017@gmail.com,083149944055,Islam,"Jl. Brigjen Katamso No.157, RT 04/RW 04, Pekanbaru, Riau",Laki-laki,"Pekanbaru, 22/06/2008",2025,SMK Negeri Insan Kamil Pekanbaru
CM000950,3179729516,9407139169485719,Irwan Septiani,irwan.septiani9997@gmail.com,087775507826,Islam,"Jl. Gatot Subroto No.104, RT 20/RW 10, Mimika, Papua",Laki-laki,"Mimika, 14/10/2008",2025,SMA Swasta Nusantara Mimika
CM000951,1348175867,3173062156393814,Rara Firmansyah,rara.firmansyah5114@gmail.com,085616418807,Islam,"Jl. Pemuda No.143, RT 17/RW 06, Jakarta Barat, DKI Jakarta",Perempuan,"Jakarta Barat, 23/05/2006",2024,SMA Negeri 6 Jakarta Barat
CM000952,4871821461,3276559888840811,Dedy Hidayat,dedy.hidayat1627@gmail.com,081683375217,Islam,"Jl. Cut Nyak Dien No.148, RT 03/RW 05, Depok, Jawa Barat",Laki-laki,"Depok, 09/06/2008",2025,SMK Negeri 12 Depok
CM000953,5273534163,1872480110873123,Evan Maulana,evan.maulana6665@gmail.com,082215868307,Islam,"Jl. Cut Nyak Dien No.102, RT 01/RW 04, Metro, Lampung",Laki-laki,"Metro, 18/09/2005",2024,MA Swasta 9 Metro
CM000954,9024677696,1275077584427146,Zahra Wahyudi,zahra.wahyudi9793@gmail.com,088104393318,Islam,"Jl. Pemuda No.27, RT 02/RW 05, Medan, Sumatera Utara",Perempuan,"Medan, 07/08/2008",2025,SMK Swasta 19 Medan
CM000955,3284991063,1174160409624914,Lina Nasution,lina.nasution2956@gmail.com,082250425911,Kristen,"Jl. Hayam Wuruk No.17, RT 12/RW 07, Langsa, Aceh",Perempuan,"Langsa, 26/03/2007",2024,SMA Negeri 17 Langsa
CM000956,0140736472,9407618591541211,Kevin Gunawan,kevin.gunawan5562@gmail.com,081592762532,Islam,"Jl. Soekarno Hatta No.28, RT 20/RW 08, Mimika, Papua",Laki-laki,"Mimika, 02/08/2005",2022,SMK Negeri 14 Mimika
CM000957,6410859267,3576245557862282,Intan Iskandar,intan.iskandar9014@gmail.com,085354463043,Islam,"Jl. Tentara Pelajar No.97, RT 15/RW 03, Pasuruan, Jawa Timur",Perempuan,"Pasuruan, 02/07/2005",2024,SMA Negeri Diponegoro Pasuruan
CM000958,0282814521,7171840785276003,Cantika Prasetyo,cantika.prasetyo2295@gmail.com,081383642932,Islam,"Jl. Raya Utama No.155, RT 18/RW 02, Manado, Sulawesi Utara",Perempuan,"Manado, 18/10/2005",2024,SMK Swasta Sudirman Manado
CM000959,4393990828,7371010963358632,Naufal Susanto,naufal.susanto74@gmail.com,082178835915,Islam,"Jl. Raya Utama No.139, RT 15/RW 07, Makassar, Sulawesi Selatan",Laki-laki,"Makassar, 27/02/2007",2024,SMA Swasta 6 Makassar
CM000960,7029139665,1372211821336509,Rizky Puspitasari,rizky.puspitasari486@gmail.com,085388147530,Islam,"Jl. Imam Bonjol No.188, RT 03/RW 06, Bukittinggi, Sumatera Barat",Laki-laki,"Bukittinggi, 13/05/2007",2024,MA Negeri 5 Bukittinggi
CM000961,8141840006,1372650007291466,Julio Situmorang,julio.situmorang7895@gmail.com,081583524387,Konghucu,"Jl. Diponegoro No.35, RT 17/RW 03, Bukittinggi, Sumatera Barat",Laki-laki,"Bukittinggi, 18/08/2005",2023,SMA Swasta Harapan Bangsa Bukittinggi
CM000962,6832585653,3275131682423120,Olivia Lubis,olivia.lubis7266@gmail.com,088144938958,Islam,"Jl. Merdeka No.5, RT 06/RW 07, Bekasi, Jawa Barat",Perempuan,"Bekasi, 20/12/2007",2024,SMKN 12 Bekasi
CM000963,5519115288,3673739325663185,Guntur Lestari,guntur.lestari9002@gmail.com,089876937306,Islam,"Jl. Diponegoro No.35, RT 06/RW 02, Serang, Banten",Laki-laki,"Serang, 06/03/2006",2024,MAN Gajah Mada Serang
CM000964,1061990743,3175028434487757,Hana Salim,hana.salim1182@gmail.com,087862339967,Katolik,"Jl. Sisingamangaraja No.83, RT 10/RW 02, Jakarta Timur, DKI Jakarta",Perempuan,"Jakarta Timur, 21/05/2007",2025,MA Negeri 12 Jakarta Timur
CM000965,0377576496,3175862175073101,Elsa Gunawan,elsa.gunawan2208@gmail.com,089877419415,Hindu,"Jl. Tentara Pelajar No.68, RT 19/RW 06, Jakarta Timur, DKI Jakarta",Perempuan,"Jakarta Timur, 26/07/2005",2024,MA Negeri 7 Jakarta Timur
CM000966,6970122764,5108165858605587,Fajar Handayani,fajar.handayani3928@gmail.com,085681585688,Islam,"Jl. Tentara Pelajar No.163, RT 08/RW 01, Karangasem, Bali",Laki-laki,"Karangasem, 21/10/2006",2023,MA Negeri 22 Karangasem
CM000967,1606699514,3173276727252686,Andika Soetomo,andika.soetomo9291@gmail.com,087808822513,Islam,"Jl. Sultan Agung No.82, RT 13/RW 03, Jakarta Barat, DKI Jakarta",Laki-laki,"Jakarta Barat, 14/07/2005",2024,MA Negeri 20 Jakarta Barat
CM000968,6946581006,9407062745061243,Faisal Putranto,faisal.putranto4392@gmail.com,082204770168,Islam,"Jl. Imam Bonjol No.169, RT 15/RW 06, Mimika, Papua",Laki-laki,"Mimika, 21/06/2005",2024,MA Swasta 20 Mimika
CM000969,1733865602,3171415170599789,Julia Sulistyowati,julia.sulistyowati3685@gmail.com,082255117747,Islam,"Jl. Gatot Subroto No.112, RT 19/RW 04, Jakarta Pusat, DKI Jakarta",Perempuan,"Jakarta Pusat, 26/06/2007",2025,SMK Swasta 19 Jakarta Pusat
CM000970,4389409868,1172941837638474,Uswah Handayani,uswah.handayani1407@gmail.com,089577827675,Islam,"Jl. Brigjen Katamso No.24, RT 17/RW 04, Lhokseumawe, Aceh",Perempuan,"Lhokseumawe, 25/10/2005",2024,MA Swasta 25 Lhokseumawe
CM000971,0748676573,1271372525310091,Viola Wahyuningsih,viola.wahyuningsih7753@gmail.com,081638048631,Islam,"Jl. Pemuda No.150, RT 15/RW 03, Sibolga, Sumatera Utara",Perempuan,"Sibolga, 01/07/2006",2025,SMK Negeri 20 Sibolga
CM000972,7758208587,1375579300127641,Hendra Prasetyo,hendra.prasetyo5750@gmail.com,081621267424,Islam,"Jl. Ahmad Yani No.195, RT 19/RW 04, Pariaman, Sumatera Barat",Laki-laki,"Pariaman, 04/12/2005",2023,SMK Negeri 10 Pariaman
CM000973,6861355666,7372699807429052,Bella Suharto,bella.suharto2410@gmail.com,081344334589,Islam,"Jl. RE. Martadinata No.86, RT 17/RW 08, Parepare, Sulawesi Selatan",Perempuan,"Parepare, 17/04/2007",2025,SMAN Sudirman Parepare
CM000974,8830127522,1274510869535494,Yusuf Siregar,yusuf.siregar6614@gmail.com,081481059516,Islam,"Jl. Sudirman No.106, RT 20/RW 06, Tebing Tinggi, Sumatera Utara",Laki-laki,"Tebing Tinggi, 07/10/2005",2024,SMAN Budi Utomo Tebing Tinggi
CM000975,7838306739,3471372083777249,Willy Gunawan,willy.gunawan977@gmail.com,085203690833,Islam,"Jl. Sudirman No.86, RT 16/RW 07, Yogyakarta, DI Yogyakarta",Laki-laki,"Yogyakarta, 18/07/2008",2025,SMK Swasta 1 Yogyakarta
CM000976,5544806611,7171430717954602,Indah Setiawan,indah.setiawan2451@gmail.com,082140273739,Islam,"Jl. RE. Martadinata No.33, RT 10/RW 03, Manado, Sulawesi Utara",Perempuan,"Manado, 09/04/2005",2024,SMA Negeri Sudirman Manado
CM000977,9488496155,6471819877538866,Hafiz Susanto,hafiz.susanto2915@gmail.com,085252494338,Islam,"Jl. Pemuda No.95, RT 19/RW 09, Samarinda, Kalimantan Timur",Laki-laki,"Samarinda, 05/01/2006",2024,SMK Swasta Gajah Mada Samarinda
CM000978,7012877954,3278261578521617,Windy Manurung,windy.manurung2772@gmail.com,081211840481,Islam,"Jl. Merdeka No.98, RT 15/RW 02, Tasikmalaya, Jawa Barat",Perempuan,"Tasikmalaya, 17/11/2007",2025,MA Swasta 23 Tasikmalaya
CM000979,8186837696,9471610235011356,Irfan Handayani,irfan.handayani6240@gmail.com,081257040999,Islam,"Jl. Hayam Wuruk No.82, RT 17/RW 08, Jayapura, Papua",Laki-laki,"Jayapura, 18/09/2004",2023,MA Swasta Ahmad Dahlan Jayapura
CM000980,5462610461,3372125550976207,Yusuf Azzahra,yusuf.azzahra7543@gmail.com,085884552301,Islam,"Jl. Diponegoro No.123, RT 17/RW 05, Surakarta, Jawa Tengah",Laki-laki,"Surakarta, 09/05/2006",2025,MA Swasta 18 Surakarta
CM000981,3074310610,7174731705779362,Dewi Siregar,dewi.siregar5249@gmail.com,088213006988,Islam,"Jl. Tentara Pelajar No.66, RT 06/RW 05, Kotamobagu, Sulawesi Utara",Perempuan,"Kotamobagu, 09/02/2006",2024,SMAN 4 Kotamobagu
CM000982,1975676304,3673925611263941,Maya Nugroho,maya.nugroho6042@gmail.com,081900622736,Islam,"Jl. Brigjen Katamso No.200, RT 19/RW 06, Serang, Banten",Perempuan,"Serang, 04/01/2005",2024,SMA Negeri 7 Serang
CM000983,6172662835,6471146993781196,Putri Hartono,putri.hartono8098@gmail.com,081955283010,Islam,"Jl. Raya Utama No.154, RT 09/RW 10, Samarinda, Kalimantan Timur",Perempuan,"Samarinda, 25/09/2006",2023,SMAN 3 Samarinda
CM000984,7532221236,1271851022753740,Maya Anggraini,maya.anggraini4918@gmail.com,083181327567,Katolik,"Jl. Ahmad Yani No.176, RT 13/RW 05, Sibolga, Sumatera Utara",Perempuan,"Sibolga, 12/02/2005",2022,SMA Negeri 5 Sibolga
CM000985,4006763916,1272328980932994,Prima Nugraha,prima.nugraha9980@gmail.com,089918525220,Islam,"Jl. MT. Haryono No.76, RT 19/RW 04, Pematangsiantar, Sumatera Utara",Laki-laki,"Pematangsiantar, 08/02/2003",2022,MAN 4 Pematangsiantar
CM000986,1328203022,3374852040137158,Sandi Lubis,sandi.lubis2391@gmail.com,089807945903,Islam,"Jl. Sisingamangaraja No.51, RT 11/RW 06, Semarang, Jawa Tengah",Laki-laki,"Semarang, 04/03/2003",2022,SMKN 24 Semarang
CM000987,7236397539,8172942859832984,Hendra Lestari,hendra.lestari1510@gmail.com,089741995518,Islam,"Jl. Veteran No.190, RT 03/RW 06, Tual, Maluku",Laki-laki,"Tual, 05/05/2005",2023,SMA Negeri 9 Tual
CM000988,4515278082,7173045380010283,Maulana Salim,maulana.salim9309@gmail.com,081424010701,Islam,"Jl. Diponegoro No.109, RT 19/RW 05, Tomohon, Sulawesi Utara",Laki-laki,"Tomohon, 15/10/2004",2023,MAN Unggulan Tomohon
CM000989,2419540084,1174888728663964,Rara Fitriani,rara.fitriani6915@gmail.com,081881707828,Islam,"Jl. Ahmad Yani No.11, RT 13/RW 05, Langsa, Aceh",Perempuan,"Langsa, 12/12/2007",2025,MA Negeri Hasanuddin Langsa
CM000990,3889561358,3671524773061530,Arya Oktavia,arya.oktavia3148@gmail.com,081523485243,Islam,"Jl. Hayam Wuruk No.46, RT 02/RW 08, Tangerang, Banten",Laki-laki,"Tangerang, 26/09/2006",2023,SMA Negeri 8 Tangerang
CM000991,6580160621,3373678241559603,Naufal Yulianto,naufal.yulianto6887@gmail.com,081673948450,Islam,"Jl. Gatot Subroto No.46, RT 05/RW 06, Salatiga, Jawa Tengah",Laki-laki,"Salatiga, 01/06/2005",2023,SMAN 2 Salatiga
CM000992,2978329869,1871701100081595,Hendra Salim,hendra.salim8401@gmail.com,088237667456,Islam,"Jl. Soekarno Hatta No.14, RT 10/RW 05, Bandar Lampung, Lampung",Laki-laki,"Bandar Lampung, 18/12/2006",2024,SMK Swasta 16 Bandar Lampung
CM000993,8529272367,3572419072222909,Gracia Wahyuningsih,gracia.wahyuningsih4325@gmail.com,089903619305,Islam,"Jl. Panglima Besar No.130, RT 17/RW 01, Blitar, Jawa Timur",Perempuan,"Blitar, 27/05/2006",2025,SMAN Ahmad Dahlan Blitar
CM000994,6390998217,1472424177224856,Desi Oktaviani,desi.oktaviani4839@gmail.com,085269822604,Islam,"Jl. Brigjen Katamso No.190, RT 09/RW 04, Dumai, Riau",Perempuan,"Dumai, 02/07/2006",2025,SMA Swasta Cendekia Dumai
CM000995,9155553664,1171170212151042,Vina Budiman,vina.budiman8709@gmail.com,089753795866,Islam,"Jl. Diponegoro No.105, RT 10/RW 05, Banda Aceh, Aceh",Perempuan,"Banda Aceh, 26/06/2008",2025,MA Negeri 3 Banda Aceh
CM000996,8115681471,1374921132773663,Taufik Salim,taufik.salim6810@gmail.com,081474059264,Islam,"Jl. MT. Haryono No.149, RT 05/RW 10, Payakumbuh, Sumatera Barat",Laki-laki,"Payakumbuh, 22/11/2008",2025,SMA Negeri Kartini Payakumbuh
CM000997,5558155862,3674056765760280,Vina Hakim,vina.hakim3685@gmail.com,089639938847,Kristen,"Jl. Pemuda No.172, RT 11/RW 06, Tangerang Selatan, Banten",Perempuan,"Tangerang Selatan, 07/03/2005",2023,SMK Swasta Insan Kamil Tangerang Selatan
CM000998,8587231641,3673803736150033,Windy Kurniawan,windy.kurniawan7966@gmail.com,089767165680,Islam,"Jl. Gatot Subroto No.195, RT 01/RW 07, Serang, Banten",Perempuan,"Serang, 17/07/2006",2023,SMAN Terpadu Serang
CM000999,3251753420,1471750960682080,Arya Soetomo,arya.soetomo4441@gmail.com,082305827116,Islam,"Jl. Pahlawan No.155, RT 16/RW 04, Pekanbaru, Riau",Laki-laki,"Pekanbaru, 13/10/2004",2023,SMKN 14 Pekanbaru
CM001000,4358997376,1402005790351049,Galih Kusuma,galih.kusuma914@gmail.com,088112577859,Islam,"Jl. Pemuda No.173, RT 10/RW 02, Bengkalis, Riau",Laki-laki,"Bengkalis, 16/10/2003",2022,MA Swasta Harapan Bangsa Bengkalis
